cow,breed,lactation_number_in_data,calvdate,parity,date,mtotalmotion,mtotalsteps,mhoursstanding,mhourslying,mlyingbouts,mrumination,mactivity,predictedcalving,calved,calvingeasescore,date1,daysprior
1225,H,1,21-Aug-12,multiparous,07AUG12:00:00:00,305.8333333,77.75,1.552847222,0.426319444,0.25,,,8,0,1,7-Aug-12,-14
1225,H,1,21-Aug-12,multiparous,08AUG12:00:00:00,238.75,61.41666667,1.750717593,0.249282407,0.333333333,,,7,0,1,8-Aug-12,-13
1225,H,1,21-Aug-12,multiparous,09AUG12:00:00:00,297.5833333,77.16666667,1.651064815,0.348935185,0.5,,,6,0,1,9-Aug-12,-12
1225,H,1,21-Aug-12,multiparous,10AUG12:00:00:00,193.6666667,50.58333333,1.236273148,0.763726852,0.833333333,,,5,0,1,10-Aug-12,-11
1225,H,1,21-Aug-12,multiparous,11AUG12:00:00:00,223.6666667,56.58333333,1.255694444,0.744305556,1.083333333,,,4,0,1,11-Aug-12,-10
1225,H,1,21-Aug-12,multiparous,12AUG12:00:00:00,226.4166667,58.25,1.550925926,0.449074074,0.666666667,,,3,0,1,12-Aug-12,-9
1225,H,1,21-Aug-12,multiparous,13AUG12:00:00:00,232.75,60.91666667,1.689537037,0.310462963,0.416666667,,,2,0,1,13-Aug-12,-8
1225,H,1,21-Aug-12,multiparous,14AUG12:00:00:00,360.1666667,89.91666667,1.430601852,0.569398148,0.833333333,,,1,0,1,14-Aug-12,-7
1225,H,1,21-Aug-12,multiparous,15AUG12:00:00:00,458.75,117.5,1.261342593,0.738657407,1.25,,,0,0,1,15-Aug-12,-6
1225,H,1,21-Aug-12,multiparous,16AUG12:00:00:00,360,87.25,1.132268519,0.867731482,1.416666667,,,0,0,1,16-Aug-12,-5
1225,H,1,21-Aug-12,multiparous,17AUG12:00:00:00,343.6666667,83.25,1.513078704,0.486921296,0.75,,,0,0,1,17-Aug-12,-4
1225,H,1,21-Aug-12,multiparous,18AUG12:00:00:00,277.5,65.91666667,1.573518519,0.426481482,0.666666667,,,0,0,1,18-Aug-12,-3
1225,H,1,21-Aug-12,multiparous,19AUG12:00:00:00,361,88.16666667,1.510046296,0.489953704,0.416666667,,,0,0,1,19-Aug-12,-2
1225,H,1,21-Aug-12,multiparous,20AUG12:00:00:00,266.5,62.91666667,1.382268519,0.617731482,1.416666667,,,0,0,1,20-Aug-12,-1
1225,H,1,21-Aug-12,multiparous,21AUG12:00:00:00,440,106.5,1.419375,0.580625,2.25,,,0,1,1,21-Aug-12,0
1246,H,1,4-Dec-11,multiparous,20NOV11:00:00:00,352.6666667,90.41666667,0.596851852,1.403148148,1,15.5,9.366666667,1,0,1,20-Nov-11,-14
1246,H,1,4-Dec-11,multiparous,21NOV11:00:00:00,400.75,106.5833333,0.818634259,1.181365741,1,30.25,20.56666667,0,0,1,21-Nov-11,-13
1246,H,1,4-Dec-11,multiparous,22NOV11:00:00:00,417.1666667,114.0833333,0.753634259,1.246365741,1.166666667,24.25,15.10833333,0,0,1,22-Nov-11,-12
1246,H,1,4-Dec-11,multiparous,23NOV11:00:00:00,465.1666667,121.1666667,0.766898148,1.233101852,1.25,18.75,25.775,0,0,1,23-Nov-11,-11
1246,H,1,4-Dec-11,multiparous,24NOV11:00:00:00,670.75,172,0.735486111,1.264513889,1.166666667,27,22.16666667,0,0,1,24-Nov-11,-10
1246,H,1,4-Dec-11,multiparous,25NOV11:00:00:00,583,159.0833333,0.872152778,1.127847222,0.833333333,20.75,16.79166667,0,0,1,25-Nov-11,-9
1246,H,1,4-Dec-11,multiparous,26NOV11:00:00:00,670.4166667,167.25,0.815416667,1.184583333,1.166666667,21.41666667,22.2,0,0,1,26-Nov-11,-8
1246,H,1,4-Dec-11,multiparous,27NOV11:00:00:00,268.75,68.5,0.78599537,1.21400463,1.333333333,31.08333333,18.15,0,0,1,27-Nov-11,-7
1246,H,1,4-Dec-11,multiparous,28NOV11:00:00:00,535.5,141.4166667,0.975625,1.024375,1.25,13.25,7.516666667,0,0,1,28-Nov-11,-6
1246,H,1,4-Dec-11,multiparous,29NOV11:00:00:00,312.4166667,83.33333333,0.742592593,1.257407407,1,22.08333333,10.075,0,0,1,29-Nov-11,-5
1246,H,1,4-Dec-11,multiparous,30NOV11:00:00:00,421.3333333,117.25,0.698449074,1.301550926,1.333333333,35.75,23.23333333,0,0,1,30-Nov-11,-4
1246,H,1,4-Dec-11,multiparous,01DEC11:00:00:00,592.0833333,162.5833333,1.015208333,0.984791667,1.083333333,26.08333333,21.775,0,0,1,1-Dec-11,-3
1246,H,1,4-Dec-11,multiparous,02DEC11:00:00:00,489.8333333,130.5833333,0.830833333,1.169166667,1.166666667,40.83333333,26.05,0,0,1,2-Dec-11,-2
1246,H,1,4-Dec-11,multiparous,03DEC11:00:00:00,742,200.9166667,0.949398148,1.050601852,2.083333333,32,26.73333333,0,0,1,3-Dec-11,-1
1246,H,1,4-Dec-11,multiparous,04DEC11:00:00:00,866.5,198.25,1.404722222,0.595277778,1.25,2.75,34.95,0,1,1,4-Dec-11,0
1284,H,1,27-Jun-12,multiparous,13JUN12:00:00:00,578.25,160.75,0.854212963,1.145787037,0.833333333,,,12,0,1,13-Jun-12,-14
1284,H,1,27-Jun-12,multiparous,14JUN12:00:00:00,711.1666667,191.5,1.068587963,0.931412037,0.583333333,,,11,0,1,14-Jun-12,-13
1284,H,1,27-Jun-12,multiparous,15JUN12:00:00:00,690.8333333,190.9166667,1.09,0.91,0.333333333,,,10,0,1,15-Jun-12,-12
1284,H,1,27-Jun-12,multiparous,16JUN12:00:00:00,659,183.1666667,1.106157407,0.893842593,0.666666667,,,9,0,1,16-Jun-12,-11
1284,H,1,27-Jun-12,multiparous,17JUN12:00:00:00,654.6666667,187.4166667,1.008935185,0.991064815,0.833333333,,,8,0,1,17-Jun-12,-10
1284,H,1,27-Jun-12,multiparous,18JUN12:00:00:00,612.4166667,169.1666667,0.888935185,1.111064815,0.75,,,7,0,1,18-Jun-12,-9
1284,H,1,27-Jun-12,multiparous,19JUN12:00:00:00,1023.333333,276.8333333,1.195578704,0.76275463,0.416666667,,,6,0,1,19-Jun-12,-8
1284,H,1,27-Jun-12,multiparous,20JUN12:00:00:00,685.8333333,186.3333333,1.112569444,0.887430556,0.75,,,5,0,1,20-Jun-12,-7
1284,H,1,27-Jun-12,multiparous,21JUN12:00:00:00,503.5,128.1666667,0.937592593,1.062407407,0.416666667,,,4,0,1,21-Jun-12,-6
1284,H,1,27-Jun-12,multiparous,22JUN12:00:00:00,485.9166667,128.25,1.016435185,0.983564815,0.75,,,3,0,1,22-Jun-12,-5
1284,H,1,27-Jun-12,multiparous,23JUN12:00:00:00,493.6666667,130.25,0.959027778,1.040972222,0.583333333,,,2,0,1,23-Jun-12,-4
1284,H,1,27-Jun-12,multiparous,24JUN12:00:00:00,588.8333333,155.25,1.102824074,0.897175926,0.583333333,,,1,0,1,24-Jun-12,-3
1284,H,1,27-Jun-12,multiparous,25JUN12:00:00:00,369.4166667,92,0.82525463,1.17474537,0.75,,,0,0,1,25-Jun-12,-2
1284,H,1,27-Jun-12,multiparous,26JUN12:00:00:00,331.4166667,83.5,0.738726852,1.261273148,0.666666667,,,0,0,1,26-Jun-12,-1
1284,H,1,27-Jun-12,multiparous,27JUN12:00:00:00,345.125,83.875,0.758229167,1.241770833,1.125,,,0,1,1,27-Jun-12,0
1332,H,1,23-Aug-12,multiparous,09AUG12:00:00:00,1075.333333,277,1.27125,0.72875,0.75,25,35.86666667,15,0,1,9-Aug-12,-14
1332,H,1,23-Aug-12,multiparous,10AUG12:00:00:00,968.1666667,240.5,1.028912037,0.971087963,1.166666667,26.83333333,34.50833333,14,0,1,10-Aug-12,-13
1332,H,1,23-Aug-12,multiparous,11AUG12:00:00:00,994.25,249.3333333,0.927337963,1.072662037,1,30.16666667,37.16666667,13,0,1,11-Aug-12,-12
1332,H,1,23-Aug-12,multiparous,12AUG12:00:00:00,1135.75,288.3333333,1.109189815,0.890810185,0.666666667,28.16666667,40.90833333,12,0,1,12-Aug-12,-11
1332,H,1,23-Aug-12,multiparous,13AUG12:00:00:00,926.6666667,231.0833333,1.208680556,0.791319444,1,24.16666667,32.81666667,11,0,1,13-Aug-12,-10
1332,H,1,23-Aug-12,multiparous,14AUG12:00:00:00,1006.333333,255.6666667,1.062708333,0.937291667,0.916666667,27,35.15,10,0,1,14-Aug-12,-9
1332,H,1,23-Aug-12,multiparous,15AUG12:00:00:00,1163.416667,286,1.182962963,0.817037037,0.75,27.41666667,44.775,9,0,1,15-Aug-12,-8
1332,H,1,23-Aug-12,multiparous,16AUG12:00:00:00,1105.5,266.3333333,1.136597222,0.863402778,0.666666667,28.66666667,43.875,8,0,1,16-Aug-12,-7
1332,H,1,23-Aug-12,multiparous,17AUG12:00:00:00,865.8333333,215.5833333,0.856365741,1.143634259,1,26.08333333,38.81666667,7,0,1,17-Aug-12,-6
1332,H,1,23-Aug-12,multiparous,18AUG12:00:00:00,1073.75,276.0833333,1.093425926,0.906574074,1,19.33333333,42.34166667,6,0,1,18-Aug-12,-5
1332,H,1,23-Aug-12,multiparous,19AUG12:00:00:00,972.6666667,244.25,1.065601852,0.934398148,1,19.58333333,42.44166667,5,0,1,19-Aug-12,-4
1332,H,1,23-Aug-12,multiparous,20AUG12:00:00:00,831.75,211.5,0.959074074,1.040925926,1.166666667,18.75,38.91666667,4,0,1,20-Aug-12,-3
1332,H,1,23-Aug-12,multiparous,21AUG12:00:00:00,916.3333333,231,1.051203704,0.90712963,1.083333333,18.41666667,38.48333333,3,0,1,21-Aug-12,-2
1332,H,1,23-Aug-12,multiparous,22AUG12:00:00:00,1001.916667,265.25,1.262685185,0.737314815,1,19.66666667,36.85,2,0,1,22-Aug-12,-1
1332,H,1,23-Aug-12,multiparous,23AUG12:00:00:00,1349.25,322.25,0.978680556,1.021319444,4,5.75,46.9,1,1,1,23-Aug-12,0
1346,H,1,29-Oct-11,multiparous,18OCT11:00:00:00,939.5,234.5,0.821064815,1.178935185,0.666666667,10.33333333,4.45,8,0,1,18-Oct-11,-11
1346,H,1,29-Oct-11,multiparous,19OCT11:00:00:00,432.1666667,108.4166667,0.810393519,1.189606482,0.583333333,34.25,22.175,7,0,1,19-Oct-11,-10
1346,H,1,29-Oct-11,multiparous,20OCT11:00:00:00,810,202.4166667,1.017662037,0.982337963,0.5,57.25,29.23333333,6,0,1,20-Oct-11,-9
1346,H,1,29-Oct-11,multiparous,21OCT11:00:00:00,714.75,180.75,0.903194444,1.096805556,0.666666667,39.08333333,29,5,0,1,21-Oct-11,-8
1346,H,1,29-Oct-11,multiparous,22OCT11:00:00:00,551.1666667,138.5833333,0.779074074,1.220925926,0.75,58.66666667,31.75,4,0,1,22-Oct-11,-7
1346,H,1,29-Oct-11,multiparous,23OCT11:00:00:00,428.75,99.33333333,0.685046296,1.314953704,0.75,48.41666667,29.08333333,3,0,1,23-Oct-11,-6
1346,H,1,29-Oct-11,multiparous,24OCT11:00:00:00,793.5833333,199.5833333,0.824027778,1.175972222,1,35.41666667,26.41666667,2,0,1,24-Oct-11,-5
1346,H,1,29-Oct-11,multiparous,25OCT11:00:00:00,660.75,164.6666667,0.937523148,1.062476852,0.916666667,35.33333333,27.175,1,0,1,25-Oct-11,-4
1346,H,1,29-Oct-11,multiparous,26OCT11:00:00:00,851.9166667,219.5833333,1.018518519,0.981481482,0.75,33.16666667,21.625,0,0,1,26-Oct-11,-3
1346,H,1,29-Oct-11,multiparous,27OCT11:00:00:00,848.5833333,218.4166667,1.058425926,0.941574074,0.5,32.5,23.64166667,0,0,1,27-Oct-11,-2
1346,H,1,29-Oct-11,multiparous,28OCT11:00:00:00,577.6666667,154.5833333,0.911967593,1.088032407,0.666666667,35.33333333,28.28333333,0,0,1,28-Oct-11,-1
1346,H,1,29-Oct-11,multiparous,29OCT11:00:00:00,875.875,226.875,0.914270833,1.085729167,1.5,36.375,28.225,0,1,1,29-Oct-11,0
1355,H,1,11-Dec-11,multiparous,27NOV11:00:00:00,207.25,50.5,0.864652778,1.135347222,0.75,35.91666667,14.73333333,21,0,1,27-Nov-11,-14
1355,H,1,11-Dec-11,multiparous,28NOV11:00:00:00,352,88.5,1.299444444,0.700555556,0.833333333,36,18.2,20,0,1,28-Nov-11,-13
1355,H,1,11-Dec-11,multiparous,29NOV11:00:00:00,299.3333333,78.66666667,0.972476852,1.027523148,0.666666667,31.25,16.75,19,0,1,29-Nov-11,-12
1355,H,1,11-Dec-11,multiparous,30NOV11:00:00:00,428.75,106.0833333,1.088773148,0.911226852,0.833333333,27.83333333,14.9,18,0,1,30-Nov-11,-11
1355,H,1,11-Dec-11,multiparous,01DEC11:00:00:00,498,126.9166667,1.102037037,0.897962963,0.833333333,23.25,15.85,17,0,1,1-Dec-11,-10
1355,H,1,11-Dec-11,multiparous,02DEC11:00:00:00,500,119.4166667,0.778449074,1.221550926,0.75,43.16666667,26.225,16,0,1,2-Dec-11,-9
1355,H,1,11-Dec-11,multiparous,03DEC11:00:00:00,346,88.25,0.86037037,1.13962963,0.833333333,45.83333333,25.79166667,15,0,1,3-Dec-11,-8
1355,H,1,11-Dec-11,multiparous,04DEC11:00:00:00,280.75,71.66666667,0.739490741,1.260509259,1.083333333,44.33333333,22.35833333,14,0,1,4-Dec-11,-7
1355,H,1,11-Dec-11,multiparous,05DEC11:00:00:00,194.0833333,52.41666667,0.882731482,1.117268519,0.916666667,39.75,17.50833333,13,0,1,5-Dec-11,-6
1355,H,1,11-Dec-11,multiparous,06DEC11:00:00:00,276.9166667,75.25,1.061041667,0.918125,0.916666667,39,27.21666667,12,0,1,6-Dec-11,-5
1355,H,1,11-Dec-11,multiparous,07DEC11:00:00:00,357.6666667,88.91666667,0.882384259,1.117615741,0.833333333,48.91666667,23.68333333,11,0,1,7-Dec-11,-4
1355,H,1,11-Dec-11,multiparous,08DEC11:00:00:00,386.5833333,106.8333333,1.239907407,0.760092593,0.833333333,43,28.19166667,10,0,1,8-Dec-11,-3
1355,H,1,11-Dec-11,multiparous,09DEC11:00:00:00,407.9166667,116,1.058263889,0.941736111,0.75,43.16666667,23.30833333,9,0,1,9-Dec-11,-2
1355,H,1,11-Dec-11,multiparous,10DEC11:00:00:00,799.5833333,211.75,1.367013889,0.632986111,2.25,20.83333333,22.26666667,8,0,1,10-Dec-11,-1
1355,H,1,11-Dec-11,multiparous,11DEC11:00:00:00,256.25,68.5,1.096388889,0.903611111,1.25,17.75,20.65,7,1,1,11-Dec-11,0
1355,H,2,14-Feb-13,multiparous,31JAN13:00:00:00,791,195.1666667,1.160277778,0.839722222,0.333333333,44.66666667,26.66666667,17,0,1,31-Jan-13,-14
1355,H,2,14-Feb-13,multiparous,01FEB13:00:00:00,615.4166667,155.4166667,1.416319444,0.583680556,0.5,46.33333333,26.525,16,0,1,1-Feb-13,-13
1355,H,2,14-Feb-13,multiparous,02FEB13:00:00:00,611.25,159.3333333,1.334212963,0.665787037,0.5,40.75,23.93333333,15,0,1,2-Feb-13,-12
1355,H,2,14-Feb-13,multiparous,03FEB13:00:00:00,550.75,140.4166667,0.983472222,1.016527778,0.583333333,50.91666667,24.14166667,14,0,1,3-Feb-13,-11
1355,H,2,14-Feb-13,multiparous,04FEB13:00:00:00,588.1666667,148.3333333,1.051180556,0.948819444,1.166666667,51.75,25.43333333,13,0,1,4-Feb-13,-10
1355,H,2,14-Feb-13,multiparous,05FEB13:00:00:00,242.4,62.2,0.554388889,1.295611111,0.6,29.8,18.16,12,0,1,5-Feb-13,-9
1355,H,2,14-Feb-13,multiparous,10FEB13:00:00:00,847.25,228.375,1.242777778,0.663472222,2.25,20,25.525,7,0,1,10-Feb-13,-4
1355,H,2,14-Feb-13,multiparous,11FEB13:00:00:00,824.8333333,220.0833333,0.918865741,1.081134259,1.5,34.16666667,22.33333333,6,0,1,11-Feb-13,-3
1355,H,2,14-Feb-13,multiparous,12FEB13:00:00:00,895.5833333,248.0833333,1.079097222,0.900069444,1.333333333,42.5,29.61666667,5,0,1,12-Feb-13,-2
1355,H,2,14-Feb-13,multiparous,13FEB13:00:00:00,1643.916667,446.0833333,1.354027778,0.500138889,1.833333333,12.75,17.69166667,4,0,1,13-Feb-13,-1
1355,H,2,14-Feb-13,multiparous,14FEB13:00:00:00,673.25,173.25,1.276458333,0.661041667,1.75,24.5,27.75,3,1,1,14-Feb-13,0
1358,H,1,22-Nov-11,multiparous,08NOV11:00:00:00,1052.833333,219,0.697546296,1.302453704,0.916666667,43.16666667,28.79166667,16,0,2,8-Nov-11,-14
1358,H,1,22-Nov-11,multiparous,09NOV11:00:00:00,1044.166667,228.75,0.796319444,1.203680556,0.916666667,35.91666667,32.59166667,15,0,2,9-Nov-11,-13
1358,H,1,22-Nov-11,multiparous,10NOV11:00:00:00,927.3333333,206.0833333,0.835138889,1.164861111,0.916666667,27.58333333,20.45833333,14,0,2,10-Nov-11,-12
1358,H,1,22-Nov-11,multiparous,11NOV11:00:00:00,1103.75,230.5,0.892986111,1.107013889,1.333333333,30.25,21.14166667,13,0,2,11-Nov-11,-11
1358,H,1,22-Nov-11,multiparous,12NOV11:00:00:00,1094.666667,236,0.813888889,1.186111111,0.916666667,21.83333333,16.40833333,12,0,2,12-Nov-11,-10
1358,H,1,22-Nov-11,multiparous,13NOV11:00:00:00,1273.583333,280.9166667,0.962175926,1.037824074,0.916666667,17.91666667,11.05,11,0,2,13-Nov-11,-9
1358,H,1,22-Nov-11,multiparous,14NOV11:00:00:00,1130.833333,241.3333333,0.791273148,1.208726852,1,24.66666667,19.675,10,0,2,14-Nov-11,-8
1358,H,1,22-Nov-11,multiparous,15NOV11:00:00:00,463.4166667,112.3333333,0.764097222,1.235902778,0.916666667,24.91666667,14.85,9,0,2,15-Nov-11,-7
1358,H,1,22-Nov-11,multiparous,16NOV11:00:00:00,976.75,238,0.914259259,1.085740741,1,20.41666667,9.083333333,8,0,2,16-Nov-11,-6
1358,H,1,22-Nov-11,multiparous,17NOV11:00:00:00,789.25,185.4166667,0.924236111,1.054930556,1.083333333,20.75,19.88333333,7,0,2,17-Nov-11,-5
1358,H,1,22-Nov-11,multiparous,18NOV11:00:00:00,779.9166667,187.9166667,0.953518519,1.046481482,1.083333333,21.5,14.325,6,0,2,18-Nov-11,-4
1358,H,1,22-Nov-11,multiparous,19NOV11:00:00:00,1288.916667,302.75,0.966226852,1.033773148,0.916666667,20.83333333,16.35833333,5,0,2,19-Nov-11,-3
1358,H,1,22-Nov-11,multiparous,20NOV11:00:00:00,779.5,190.3333333,0.983541667,1.016458333,0.833333333,27.33333333,20.90833333,4,0,2,20-Nov-11,-2
1358,H,1,22-Nov-11,multiparous,21NOV11:00:00:00,825.25,202.1666667,0.952893519,1.047106482,0.916666667,29.33333333,19.475,3,0,2,21-Nov-11,-1
1358,H,1,22-Nov-11,multiparous,22NOV11:00:00:00,398.1428571,97.14285714,0.769126984,1.230873016,2,28.42857143,19.52857143,2,1,2,22-Nov-11,0
1359,H,1,30-Oct-11,multiparous,16OCT11:00:00:00,427.9166667,101.1666667,0.466342593,1.533657407,0.583333333,,,10,0,1,16-Oct-11,-14
1359,H,1,30-Oct-11,multiparous,17OCT11:00:00:00,613.1666667,155.5,0.919282407,1.080717593,0.416666667,,,9,0,1,17-Oct-11,-13
1359,H,1,30-Oct-11,multiparous,18OCT11:00:00:00,529.9166667,129.0833333,0.982893519,0.975439815,0.416666667,,,8,0,1,18-Oct-11,-12
1359,H,1,30-Oct-11,multiparous,19OCT11:00:00:00,864.0833333,216.5833333,1.703819444,0.296180556,0.333333333,,,7,0,1,19-Oct-11,-11
1359,H,1,30-Oct-11,multiparous,20OCT11:00:00:00,814.6666667,197.1666667,1.338703704,0.661296296,0.333333333,,,6,0,1,20-Oct-11,-10
1359,H,1,30-Oct-11,multiparous,21OCT11:00:00:00,547.1666667,135.8333333,0.861898148,1.138101852,0.583333333,,,5,0,1,21-Oct-11,-9
1359,H,1,30-Oct-11,multiparous,22OCT11:00:00:00,476.4166667,108,0.590925926,1.409074074,0.666666667,,,4,0,1,22-Oct-11,-8
1359,H,1,30-Oct-11,multiparous,23OCT11:00:00:00,578.8333333,134.4166667,0.671412037,1.328587963,0.833333333,,,3,0,1,23-Oct-11,-7
1359,H,1,30-Oct-11,multiparous,24OCT11:00:00:00,648.25,149.9166667,0.701597222,1.298402778,0.666666667,,,2,0,1,24-Oct-11,-6
1359,H,1,30-Oct-11,multiparous,25OCT11:00:00:00,568.6666667,139.1666667,0.689050926,1.310949074,0.666666667,,,1,0,1,25-Oct-11,-5
1359,H,1,30-Oct-11,multiparous,26OCT11:00:00:00,723.75,177.4166667,1.144583333,0.855416667,0.5,,,0,0,1,26-Oct-11,-4
1359,H,1,30-Oct-11,multiparous,27OCT11:00:00:00,568.4166667,152.1666667,1.243912037,0.756087963,0.416666667,,,0,0,1,27-Oct-11,-3
1359,H,1,30-Oct-11,multiparous,28OCT11:00:00:00,745.8333333,184.8333333,1.188101852,0.811898148,0.666666667,,,0,0,1,28-Oct-11,-2
1359,H,1,30-Oct-11,multiparous,29OCT11:00:00:00,1199.166667,261.3333333,1.275416667,0.724583333,0.75,,,0,0,1,29-Oct-11,-1
1359,H,1,30-Oct-11,multiparous,30OCT11:00:00:00,1139.2,240.8,1.141555556,0.858444444,1.6,,,0,1,1,30-Oct-11,0
1366,H,1,20-Jul-12,multiparous,06JUL12:00:00:00,770.0833333,200.8333333,1.100208333,0.899791667,0.833333333,32.83333333,34.64166667,16,0,1,6-Jul-12,-14
1366,H,1,20-Jul-12,multiparous,07JUL12:00:00:00,709.0833333,178.5,1.165115741,0.834884259,0.833333333,22.5,19.65,15,0,1,7-Jul-12,-13
1366,H,1,20-Jul-12,multiparous,08JUL12:00:00:00,905.4166667,226.5,1.098703704,0.901296296,1,33.83333333,42.875,14,0,1,8-Jul-12,-12
1366,H,1,20-Jul-12,multiparous,09JUL12:00:00:00,983.0833333,249.3333333,0.992152778,1.007847222,1.166666667,24,28.20833333,13,0,1,9-Jul-12,-11
1366,H,1,20-Jul-12,multiparous,10JUL12:00:00:00,620.8333333,160.75,0.992268519,1.007731482,0.833333333,21,20.975,12,0,1,10-Jul-12,-10
1366,H,1,20-Jul-12,multiparous,11JUL12:00:00:00,801.4166667,205.0833333,0.943125,1.056875,0.833333333,28.91666667,36.7,11,0,1,11-Jul-12,-9
1366,H,1,20-Jul-12,multiparous,12JUL12:00:00:00,909.6666667,229.5,0.999537037,1.000462963,1.083333333,23.75,23.31666667,10,0,1,12-Jul-12,-8
1366,H,1,20-Jul-12,multiparous,13JUL12:00:00:00,683,179.5833333,0.961782407,1.038217593,1.166666667,27.5,32.4,9,0,1,13-Jul-12,-7
1366,H,1,20-Jul-12,multiparous,14JUL12:00:00:00,853.25,220.9166667,0.984328704,1.015671296,1.25,23.08333333,28.31666667,8,0,1,14-Jul-12,-6
1366,H,1,20-Jul-12,multiparous,15JUL12:00:00:00,651.4166667,167.6666667,0.985740741,1.014259259,1.333333333,26.91666667,28.69166667,7,0,1,15-Jul-12,-5
1366,H,1,20-Jul-12,multiparous,16JUL12:00:00:00,582.3333333,153.3333333,0.933518519,1.066481482,1.25,32.33333333,35.6,6,0,1,16-Jul-12,-4
1366,H,1,20-Jul-12,multiparous,17JUL12:00:00:00,697.3333333,190.9166667,1.049444444,0.950555556,1.083333333,25.25,34.41666667,5,0,1,17-Jul-12,-3
1366,H,1,20-Jul-12,multiparous,18JUL12:00:00:00,827.25,216.4166667,0.956851852,1.043148148,1.083333333,25.58333333,35,4,0,1,18-Jul-12,-2
1366,H,1,20-Jul-12,multiparous,19JUL12:00:00:00,1317.75,348.0833333,0.988287037,1.011712963,1,25.66666667,39.60833333,3,0,1,19-Jul-12,-1
1366,H,1,20-Jul-12,multiparous,20JUL12:00:00:00,1186.6,315,0.960222222,1.039777778,2.4,24,32.14,2,1,1,20-Jul-12,0
1370,H,1,17-Dec-11,multiparous,03DEC11:00:00:00,394.6666667,101.6666667,0.897662037,1.102337963,0.833333333,52.41666667,20.95833333,19,0,1,3-Dec-11,-14
1370,H,1,17-Dec-11,multiparous,04DEC11:00:00:00,504.6666667,129.25,0.883726852,1.116273148,0.916666667,45.66666667,25.05,18,0,1,4-Dec-11,-13
1370,H,1,17-Dec-11,multiparous,05DEC11:00:00:00,356.4166667,95.25,0.907893519,1.092106482,0.5,22.83333333,8.45,17,0,1,5-Dec-11,-12
1370,H,1,17-Dec-11,multiparous,06DEC11:00:00:00,484.5,131.4166667,1.096921296,0.88224537,1.083333333,41.33333333,29.425,16,0,1,6-Dec-11,-11
1370,H,1,17-Dec-11,multiparous,07DEC11:00:00:00,455.1666667,121.9166667,0.915115741,1.084884259,0.666666667,50.5,23.15,15,0,1,7-Dec-11,-10
1370,H,1,17-Dec-11,multiparous,08DEC11:00:00:00,534.8333333,137.0833333,1.08537037,0.91462963,0.75,42.91666667,26.53333333,14,0,1,8-Dec-11,-9
1370,H,1,17-Dec-11,multiparous,09DEC11:00:00:00,508.5,142.1666667,1.075416667,0.924583333,0.5,51.5,24.45,13,0,1,9-Dec-11,-8
1370,H,1,17-Dec-11,multiparous,10DEC11:00:00:00,416.0833333,113.5833333,0.909328704,1.090671296,0.666666667,37.91666667,18.41666667,12,0,1,10-Dec-11,-7
1370,H,1,17-Dec-11,multiparous,11DEC11:00:00:00,497.9166667,133.5,1.007083333,0.992916667,0.833333333,34.75,23.55833333,11,0,1,11-Dec-11,-6
1370,H,1,17-Dec-11,multiparous,12DEC11:00:00:00,549.9166667,143.5,0.996828704,1.003171296,0.833333333,34.91666667,19.25,10,0,1,12-Dec-11,-5
1370,H,1,17-Dec-11,multiparous,13DEC11:00:00:00,624.9166667,159.4166667,0.911643519,1.088356482,0.666666667,28.33333333,23.85,9,0,1,13-Dec-11,-4
1370,H,1,17-Dec-11,multiparous,14DEC11:00:00:00,735.4166667,181.5,0.870231482,1.129768519,1,28.5,23.93333333,8,0,1,14-Dec-11,-3
1370,H,1,17-Dec-11,multiparous,15DEC11:00:00:00,600.3333333,162.4166667,1.029814815,0.970185185,0.666666667,31.91666667,21.98333333,7,0,1,15-Dec-11,-2
1370,H,1,17-Dec-11,multiparous,16DEC11:00:00:00,1168.833333,287.9166667,1.05162037,0.94837963,1.416666667,17.5,17.1,6,0,1,16-Dec-11,-1
1370,H,1,17-Dec-11,multiparous,17DEC11:00:00:00,1030.6,257.6,1.381166667,0.618833333,2,14,43.36,5,1,1,17-Dec-11,0
1397,H,1,17-Oct-12,multiparous,03OCT12:00:00:00,338.8,60,0.496666667,1.353333333,0.8,47.8,31.4,8,0,1,3-Oct-12,-14
1397,H,1,17-Oct-12,multiparous,11OCT12:00:00:00,1754.857143,365.8571429,0.820674603,1.179325397,0.857142857,25.42857143,25.67142857,0,0,1,11-Oct-12,-6
1397,H,1,17-Oct-12,multiparous,12OCT12:00:00:00,1109.083333,243.75,0.811226852,1.188773148,0.916666667,27.08333333,28.45,0,0,1,12-Oct-12,-5
1397,H,1,17-Oct-12,multiparous,13OCT12:00:00:00,1055.666667,221.6666667,0.713541667,1.286458333,0.75,29,21.75833333,0,0,1,13-Oct-12,-4
1397,H,1,17-Oct-12,multiparous,14OCT12:00:00:00,1210.5,249.5833333,0.862615741,1.137384259,0.833333333,28.41666667,33.25833333,0,0,1,14-Oct-12,-3
1397,H,1,17-Oct-12,multiparous,15OCT12:00:00:00,855,193.8333333,0.680949074,1.319050926,0.75,16.58333333,10.43333333,0,0,1,15-Oct-12,-2
1397,H,1,17-Oct-12,multiparous,16OCT12:00:00:00,751.25,163.8333333,0.735208333,1.223125,2.416666667,11.83333333,10.05833333,0,0,1,16-Oct-12,-1
1397,H,1,17-Oct-12,multiparous,17OCT12:00:00:00,897.5,193.75,0.077361111,1.922638889,0.25,1.75,28.425,0,1,1,17-Oct-12,0
1408,H,1,5-Nov-11,multiparous,22OCT11:00:00:00,667.25,173.1666667,1.066875,0.933125,0.583333333,51.66666667,31.35,9,0,1,22-Oct-11,-14
1408,H,1,5-Nov-11,multiparous,23OCT11:00:00:00,579.75,151.6666667,1.080138889,0.919861111,0.583333333,45.66666667,31.425,8,0,1,23-Oct-11,-13
1408,H,1,5-Nov-11,multiparous,24OCT11:00:00:00,781.9166667,194.6666667,0.999375,1.000625,0.75,35.91666667,24.74166667,7,0,1,24-Oct-11,-12
1408,H,1,5-Nov-11,multiparous,25OCT11:00:00:00,681.75,175.5833333,1.007986111,0.992013889,0.583333333,40.08333333,25.425,6,0,1,25-Oct-11,-11
1408,H,1,5-Nov-11,multiparous,26OCT11:00:00:00,1141.75,270.8333333,1.270162037,0.729837963,0.583333333,36.08333333,27.88333333,5,0,1,26-Oct-11,-10
1408,H,1,5-Nov-11,multiparous,27OCT11:00:00:00,1152,283.75,1.215,0.785,0.583333333,25.5,23.64166667,4,0,1,27-Oct-11,-9
1408,H,1,5-Nov-11,multiparous,28OCT11:00:00:00,844.0833333,219,1.38787037,0.61212963,0.583333333,27,22.49166667,3,0,1,28-Oct-11,-8
1408,H,1,5-Nov-11,multiparous,29OCT11:00:00:00,658.25,180,1.151759259,0.848240741,0.666666667,32.91666667,20.80833333,2,0,1,29-Oct-11,-7
1408,H,1,5-Nov-11,multiparous,30OCT11:00:00:00,733.4166667,192.5,1.159351852,0.840648148,0.5,36,19.81818182,1,0,1,30-Oct-11,-6
1408,H,1,5-Nov-11,multiparous,31OCT11:00:00:00,665.8333333,177.9166667,1.146018519,0.853981482,0.666666667,37.5,39.55,0,0,1,31-Oct-11,-5
1408,H,1,5-Nov-11,multiparous,01NOV11:00:00:00,599.3333333,157,1.243217593,0.715115741,0.583333333,36.41666667,29.09166667,0,0,1,1-Nov-11,-4
1408,H,1,5-Nov-11,multiparous,02NOV11:00:00:00,658.25,171.5833333,1.205625,0.794375,0.5,42.91666667,30.35833333,0,0,1,2-Nov-11,-3
1408,H,1,5-Nov-11,multiparous,03NOV11:00:00:00,708.8333333,185.75,1.468055556,0.531944444,0.333333333,49,31.95,0,0,1,3-Nov-11,-2
1408,H,1,5-Nov-11,multiparous,04NOV11:00:00:00,715,194.0833333,1.285324074,0.714675926,0.583333333,39.41666667,27.74166667,0,0,1,4-Nov-11,-1
1408,H,1,5-Nov-11,multiparous,05NOV11:00:00:00,1316.25,327.5,1.359305556,0.640694444,2.75,36.25,39.9,0,1,1,5-Nov-11,0
1409,H,1,7-Sep-12,multiparous,24AUG12:00:00:00,954.4166667,213.3333333,0.927476852,1.072523148,1.083333333,35.58333333,40.44166667,19,0,1,24-Aug-12,-14
1409,H,1,7-Sep-12,multiparous,25AUG12:00:00:00,956.25,207.1666667,0.927731482,1.072268519,1.083333333,38.5,41.23333333,18,0,1,25-Aug-12,-13
1409,H,1,7-Sep-12,multiparous,26AUG12:00:00:00,779.0833333,173.9166667,0.877569444,1.122430556,0.75,35,41.48333333,17,0,1,26-Aug-12,-12
1409,H,1,7-Sep-12,multiparous,27AUG12:00:00:00,666.4166667,154.4166667,0.908726852,1.091273148,1,40.58333333,44.26666667,16,0,1,27-Aug-12,-11
1409,H,1,7-Sep-12,multiparous,28AUG12:00:00:00,959.9166667,221.1666667,1.05875,0.94125,1.083333333,39.58333333,48.875,15,0,1,28-Aug-12,-10
1409,H,1,7-Sep-12,multiparous,29AUG12:00:00:00,874.25,194.3333333,0.831180556,1.168819444,0.833333333,36.66666667,44.26666667,14,0,1,29-Aug-12,-9
1409,H,1,7-Sep-12,multiparous,30AUG12:00:00:00,1079,234.25,1.016388889,0.983611111,1,31.91666667,45.61666667,13,0,1,30-Aug-12,-8
1409,H,1,7-Sep-12,multiparous,31AUG12:00:00:00,1007.083333,231.75,1.070023148,0.929976852,1.083333333,27.41666667,51.075,12,0,1,31-Aug-12,-7
1409,H,1,7-Sep-12,multiparous,01SEP12:00:00:00,941.0833333,211.5833333,1.009513889,0.990486111,0.916666667,26.5,42.5,11,0,1,1-Sep-12,-6
1409,H,1,7-Sep-12,multiparous,02SEP12:00:00:00,1239.416667,282.25,1.039884259,0.960115741,0.916666667,29.41666667,45.59166667,10,0,1,2-Sep-12,-5
1409,H,1,7-Sep-12,multiparous,03SEP12:00:00:00,1028.75,240.5833333,0.93275463,1.06724537,1,25.16666667,39.025,9,0,1,3-Sep-12,-4
1409,H,1,7-Sep-12,multiparous,04SEP12:00:00:00,817.4166667,196.0833333,0.957430556,1.021736111,0.833333333,21.33333333,41.5,8,0,1,4-Sep-12,-3
1409,H,1,7-Sep-12,multiparous,05SEP12:00:00:00,933.6666667,224.1666667,1.034675926,0.965324074,2,16,19.68333333,7,0,1,5-Sep-12,-2
1409,H,1,7-Sep-12,multiparous,06SEP12:00:00:00,1058.916667,237.9166667,1.226527778,0.773472222,0.583333333,8,34.8,6,0,1,6-Sep-12,-1
1410,H,1,29-Jan-12,multiparous,15JAN12:00:00:00,381,99.83333333,0.74962963,1.25037037,0.916666667,18.16666667,18.51666667,16,0,1,15-Jan-12,-14
1410,H,1,29-Jan-12,multiparous,16JAN12:00:00:00,486.6666667,119.4166667,0.608472222,1.391527778,1,21.16666667,15.70833333,15,0,1,16-Jan-12,-13
1410,H,1,29-Jan-12,multiparous,17JAN12:00:00:00,191.4,43.2,0.259944444,1.640055556,1,29.8,16.22,14,0,1,17-Jan-12,-12
1410,H,1,29-Jan-12,multiparous,23JAN12:00:00:00,681.1428571,163.4285714,0.889801587,1.110198413,0.857142857,9.142857143,10.95714286,8,0,1,23-Jan-12,-6
1410,H,1,29-Jan-12,multiparous,24JAN12:00:00:00,585.25,150.1666667,0.798032407,1.201967593,0.583333333,27.08333333,19.18333333,7,0,1,24-Jan-12,-5
1410,H,1,29-Jan-12,multiparous,25JAN12:00:00:00,509.8333333,135.5833333,0.804861111,1.195138889,0.666666667,31.91666667,19.15,6,0,1,25-Jan-12,-4
1410,H,1,29-Jan-12,multiparous,26JAN12:00:00:00,363.9166667,99.33333333,0.740300926,1.259699074,1,20.83333333,19.225,5,0,1,26-Jan-12,-3
1410,H,1,29-Jan-12,multiparous,27JAN12:00:00:00,221.25,61.83333333,0.694375,1.305625,0.916666667,30.58333333,16.55833333,4,0,1,27-Jan-12,-2
1410,H,1,29-Jan-12,multiparous,28JAN12:00:00:00,412.0833333,111.8333333,0.912847222,1.087152778,0.833333333,28.16666667,17.625,3,0,1,28-Jan-12,-1
1410,H,1,29-Jan-12,multiparous,29JAN12:00:00:00,810.7142857,201.2857143,1.132222222,0.867777778,1.428571429,40.42857143,24.05714286,2,1,1,29-Jan-12,0
1411,H,1,21-Jul-12,multiparous,07JUL12:00:00:00,999.8333333,241.75,1.503287037,0.496712963,0.416666667,32.16666667,38.15833333,6,0,2,7-Jul-12,-14
1411,H,1,21-Jul-12,multiparous,08JUL12:00:00:00,1168.333333,291.5833333,1.468148148,0.531851852,0.333333333,32.91666667,37.28333333,5,0,2,8-Jul-12,-13
1411,H,1,21-Jul-12,multiparous,09JUL12:00:00:00,1246.833333,314.9166667,1.143472222,0.856527778,0.5,41.08333333,38.425,4,0,2,9-Jul-12,-12
1411,H,1,21-Jul-12,multiparous,10JUL12:00:00:00,1052,266.4166667,1.408449074,0.591550926,0.333333333,38.33333333,31.21666667,3,0,2,10-Jul-12,-11
1411,H,1,21-Jul-12,multiparous,11JUL12:00:00:00,1107.833333,277.1666667,1.407986111,0.592013889,0.25,29.91666667,34.05833333,2,0,2,11-Jul-12,-10
1411,H,1,21-Jul-12,multiparous,12JUL12:00:00:00,986,243.4166667,1.107407407,0.892592593,0.5,30.25,28.39166667,1,0,2,12-Jul-12,-9
1411,H,1,21-Jul-12,multiparous,13JUL12:00:00:00,1167.666667,300.5,1.395115741,0.604884259,0.583333333,32.66666667,40.31666667,0,0,2,13-Jul-12,-8
1411,H,1,21-Jul-12,multiparous,14JUL12:00:00:00,1353.916667,344.5,1.600324074,0.399675926,0.416666667,29,31.11666667,0,0,2,14-Jul-12,-7
1411,H,1,21-Jul-12,multiparous,15JUL12:00:00:00,1136.5,299.25,1.521111111,0.478888889,0.416666667,30.08333333,27.64166667,0,0,2,15-Jul-12,-6
1411,H,1,21-Jul-12,multiparous,16JUL12:00:00:00,1086.916667,287.9166667,1.533310185,0.466689815,0.333333333,33.25,33.6,0,0,2,16-Jul-12,-5
1411,H,1,21-Jul-12,multiparous,17JUL12:00:00:00,1253.25,320.25,1.635208333,0.364791667,0.25,26.91666667,35.58333333,0,0,2,17-Jul-12,-4
1411,H,1,21-Jul-12,multiparous,18JUL12:00:00:00,1302.25,336,1.499398148,0.500601852,0.416666667,28.91666667,34.45833333,0,0,2,18-Jul-12,-3
1411,H,1,21-Jul-12,multiparous,19JUL12:00:00:00,1668.083333,426.4166667,1.556782407,0.443217593,0.666666667,24.16666667,36.90833333,0,0,2,19-Jul-12,-2
1411,H,1,21-Jul-12,multiparous,20JUL12:00:00:00,1122.833333,308.1666667,1.256435185,0.722731482,0.5,27.25,39.66666667,0,0,2,20-Jul-12,-1
1411,H,1,21-Jul-12,multiparous,21JUL12:00:00:00,1652.25,441.75,1.445069444,0.554930556,1,40.25,50.575,0,1,2,21-Jul-12,0
1412,H,1,16-Mar-12,multiparous,02MAR12:00:00:00,695.8333333,172.6666667,0.786319444,1.213680556,1,23.83333333,15.625,17,0,1,2-Mar-12,-14
1412,H,1,16-Mar-12,multiparous,03MAR12:00:00:00,1114.5,269.0833333,0.856273148,1.143726852,0.833333333,15.66666667,17.18333333,16,0,1,3-Mar-12,-13
1412,H,1,16-Mar-12,multiparous,04MAR12:00:00:00,1709.833333,400.6666667,1.262662037,0.737337963,1.083333333,20.25,37.06666667,15,0,1,4-Mar-12,-12
1412,H,1,16-Mar-12,multiparous,05MAR12:00:00:00,1133.166667,277,1.038310185,0.961689815,0.5,28,36.25,14,0,1,5-Mar-12,-11
1412,H,1,16-Mar-12,multiparous,06MAR12:00:00:00,788.8333333,196.75,0.871296296,1.10787037,0.916666667,30.16666667,29.225,13,0,1,6-Mar-12,-10
1412,H,1,16-Mar-12,multiparous,07MAR12:00:00:00,977.25,239.8333333,0.984976852,1.015023148,1,26,25.99166667,12,0,1,7-Mar-12,-9
1412,H,1,16-Mar-12,multiparous,08MAR12:00:00:00,2399.583333,550.6666667,1.367800926,0.632199074,0.416666667,24.33333333,29.86666667,11,0,1,8-Mar-12,-8
1412,H,1,16-Mar-12,multiparous,09MAR12:00:00:00,891.9166667,225.5833333,0.899097222,1.100902778,0.833333333,24,30.39166667,10,0,1,9-Mar-12,-7
1412,H,1,16-Mar-12,multiparous,10MAR12:00:00:00,793.8333333,200.1666667,0.868587963,1.131412037,0.75,34.08333333,27.69166667,9,0,1,10-Mar-12,-6
1412,H,1,16-Mar-12,multiparous,11MAR12:00:00:00,812.1666667,206.0833333,0.931342593,0.985324074,0.833333333,26.58333333,23.76666667,8,0,1,11-Mar-12,-5
1412,H,1,16-Mar-12,multiparous,12MAR12:00:00:00,1512.666667,360.6666667,1.101180556,0.898819444,0.666666667,30.25,34.91666667,7,0,1,12-Mar-12,-4
1412,H,1,16-Mar-12,multiparous,13MAR12:00:00:00,1177.5,296.0833333,0.967083333,1.032916667,0.75,25.66666667,31.43333333,6,0,1,13-Mar-12,-3
1412,H,1,16-Mar-12,multiparous,14MAR12:00:00:00,878.5833333,221.5,1.047268519,0.952731482,1,25.16666667,33.275,5,0,1,14-Mar-12,-2
1412,H,1,16-Mar-12,multiparous,15MAR12:00:00:00,779.8333333,202.5,1.039143519,0.960856482,0.916666667,27.16666667,29.425,4,0,1,15-Mar-12,-1
1412,H,1,16-Mar-12,multiparous,16MAR12:00:00:00,430.5714286,108.2857143,1.081785714,0.918214286,2.285714286,22.14285714,29.71428571,3,1,1,16-Mar-12,0
1413,H,1,14-Feb-12,multiparous,31JAN12:00:00:00,432.4166667,108.6666667,0.795092593,1.204907407,0.75,33.75,28.86666667,12,0,1,31-Jan-12,-14
1413,H,1,14-Feb-12,multiparous,01FEB12:00:00:00,548.5833333,134.8333333,0.878634259,1.121365741,1.166666667,30.25,20.56666667,11,0,1,1-Feb-12,-13
1413,H,1,14-Feb-12,multiparous,02FEB12:00:00:00,560.75,137.9166667,0.843240741,1.156759259,0.833333333,33.58333333,17.55833333,10,0,1,2-Feb-12,-12
1413,H,1,14-Feb-12,multiparous,03FEB12:00:00:00,650.8333333,157.3333333,0.814652778,1.185347222,0.666666667,31,24.68333333,9,0,1,3-Feb-12,-11
1413,H,1,14-Feb-12,multiparous,04FEB12:00:00:00,581,151.4166667,1.193865741,0.806134259,0.833333333,24.58333333,19.61666667,8,0,1,4-Feb-12,-10
1413,H,1,14-Feb-12,multiparous,05FEB12:00:00:00,552.1666667,131.9166667,0.846412037,1.153587963,0.666666667,34.75,23.73333333,7,0,1,5-Feb-12,-9
1413,H,1,14-Feb-12,multiparous,06FEB12:00:00:00,454.8333333,119.8333333,0.889953704,1.06837963,0.833333333,32.66666667,22.38333333,6,0,1,6-Feb-12,-8
1413,H,1,14-Feb-12,multiparous,07FEB12:00:00:00,930.6666667,218.4166667,1.075138889,0.924861111,0.583333333,33,22.71666667,5,0,1,7-Feb-12,-7
1413,H,1,14-Feb-12,multiparous,08FEB12:00:00:00,749.5833333,174.3333333,0.900046296,1.099953704,0.75,32.75,16.3,4,0,1,8-Feb-12,-6
1413,H,1,14-Feb-12,multiparous,09FEB12:00:00:00,405.9166667,106.6666667,1.008796296,0.991203704,0.833333333,34.66666667,18.95833333,3,0,1,9-Feb-12,-5
1413,H,1,14-Feb-12,multiparous,10FEB12:00:00:00,451.3333333,113.0833333,1.047407407,0.952592593,0.916666667,37.41666667,19.875,2,0,1,10-Feb-12,-4
1413,H,1,14-Feb-12,multiparous,11FEB12:00:00:00,422.1666667,107,1.096944444,0.903055556,0.583333333,24.41666667,19.28333333,1,0,1,11-Feb-12,-3
1413,H,1,14-Feb-12,multiparous,12FEB12:00:00:00,703.4166667,171.5,1.038171296,0.961828704,0.583333333,30,18.74166667,0,0,1,12-Feb-12,-2
1413,H,1,14-Feb-12,multiparous,13FEB12:00:00:00,471,122.75,1.215023148,0.784976852,0.666666667,29.41666667,18.55,0,0,1,13-Feb-12,-1
1413,H,1,14-Feb-12,multiparous,14FEB12:00:00:00,666.5,164.1666667,1.169953704,0.830046296,2.166666667,26.33333333,22.06666667,0,1,1,14-Feb-12,0
1420,H,1,25-Jan-12,multiparous,11JAN12:00:00:00,424.5,112.5833333,0.848680556,1.151319444,0.833333333,33.08333333,18.175,14,0,1,11-Jan-12,-14
1420,H,1,25-Jan-12,multiparous,12JAN12:00:00:00,279.3333333,77.83333333,1.126851852,0.873148148,0.583333333,39.33333333,33.13333333,13,0,1,12-Jan-12,-13
1420,H,1,25-Jan-12,multiparous,13JAN12:00:00:00,498.5,130.6666667,1.043194444,0.956805556,0.583333333,26,27.80833333,12,0,1,13-Jan-12,-12
1420,H,1,25-Jan-12,multiparous,14JAN12:00:00:00,460.0833333,119,0.860532407,1.139467593,0.5,28.25,24.50833333,11,0,1,14-Jan-12,-11
1420,H,1,25-Jan-12,multiparous,15JAN12:00:00:00,237.1666667,64.5,0.786527778,1.213472222,0.916666667,34.16666667,20.96666667,10,0,1,15-Jan-12,-10
1420,H,1,25-Jan-12,multiparous,16JAN12:00:00:00,269.1666667,75.83333333,0.793055556,1.206944444,0.916666667,17.33333333,18.08333333,9,0,1,16-Jan-12,-9
1420,H,1,25-Jan-12,multiparous,17JAN12:00:00:00,170,44.25,0.915347222,1.084652778,1.25,50.75,30.9,8,0,1,17-Jan-12,-8
1420,H,1,25-Jan-12,multiparous,23JAN12:00:00:00,484.125,139.875,1.259131944,0.678368056,0.75,25,26.2125,2,0,1,23-Jan-12,-2
1420,H,1,25-Jan-12,multiparous,24JAN12:00:00:00,596.5833333,173.6666667,1.170532407,0.829467593,0.583333333,30.91666667,26.56666667,1,0,1,24-Jan-12,-1
1420,H,1,25-Jan-12,multiparous,25JAN12:00:00:00,316.6666667,78.83333333,0.952546296,1.047453704,1.833333333,32.66666667,13.83333333,0,1,1,25-Jan-12,0
1429,H,1,18-Dec-11,multiparous,04DEC11:00:00:00,482.25,118.5833333,0.911018519,1.088981482,0.916666667,,,21,0,1,4-Dec-11,-14
1429,H,1,18-Dec-11,multiparous,05DEC11:00:00:00,296.0833333,78.08333333,0.927291667,1.072708333,0.25,,,20,0,1,5-Dec-11,-13
1429,H,1,18-Dec-11,multiparous,06DEC11:00:00:00,624,150.4166667,1.032361111,0.946805556,0.5,,,19,0,1,6-Dec-11,-12
1429,H,1,18-Dec-11,multiparous,07DEC11:00:00:00,357.3333333,89.75,0.846365741,1.153634259,0.416666667,,,18,0,1,7-Dec-11,-11
1429,H,1,18-Dec-11,multiparous,08DEC11:00:00:00,411.9166667,109.0833333,1.210625,0.789375,0.583333333,,,17,0,1,8-Dec-11,-10
1429,H,1,18-Dec-11,multiparous,09DEC11:00:00:00,344.6666667,91.66666667,0.937384259,1.062615741,0.5,,,16,0,1,9-Dec-11,-9
1429,H,1,18-Dec-11,multiparous,10DEC11:00:00:00,434.9166667,106.75,0.858726852,1.141273148,0.333333333,,,15,0,1,10-Dec-11,-8
1429,H,1,18-Dec-11,multiparous,11DEC11:00:00:00,365.6666667,91.75,0.906712963,1.093287037,0.5,,,14,0,1,11-Dec-11,-7
1429,H,1,18-Dec-11,multiparous,12DEC11:00:00:00,470.75,114.0833333,0.840347222,1.159652778,0.666666667,,,13,0,1,12-Dec-11,-6
1429,H,1,18-Dec-11,multiparous,13DEC11:00:00:00,431.5833333,102,0.807337963,1.192662037,0.583333333,,,12,0,1,13-Dec-11,-5
1429,H,1,18-Dec-11,multiparous,14DEC11:00:00:00,627.0833333,143.5,0.883009259,1.116990741,0.583333333,,,11,0,1,14-Dec-11,-4
1429,H,1,18-Dec-11,multiparous,15DEC11:00:00:00,348.5833333,87,0.820208333,1.179791667,0.416666667,,,10,0,1,15-Dec-11,-3
1429,H,1,18-Dec-11,multiparous,16DEC11:00:00:00,608.0833333,143.9166667,1.007986111,0.992013889,0.583333333,,,9,0,1,16-Dec-11,-2
1429,H,1,18-Dec-11,multiparous,17DEC11:00:00:00,381.8333333,103.3333333,1.000925926,0.999074074,0.5,,,8,0,1,17-Dec-11,-1
1429,H,1,18-Dec-11,multiparous,18DEC11:00:00:00,905.75,226.5,1.288819444,0.711180556,2,,,7,1,1,18-Dec-11,0
1429,H,2,23-Jan-13,multiparous,09JAN13:00:00:00,594,148.5833333,0.842546296,1.157453704,0.75,33.16666667,19.34166667,21,0,1,9-Jan-13,-14
1429,H,2,23-Jan-13,multiparous,10JAN13:00:00:00,667.8333333,174.5833333,0.953263889,1.046736111,0.583333333,42.41666667,27.8,20,0,1,10-Jan-13,-13
1429,H,2,23-Jan-13,multiparous,11JAN13:00:00:00,693.5,180.1666667,1.109467593,0.890532407,0.833333333,37.33333333,30.31666667,19,0,1,11-Jan-13,-12
1429,H,2,23-Jan-13,multiparous,12JAN13:00:00:00,444.5833333,111.3333333,0.828587963,1.171412037,1,40.33333333,25.09166667,18,0,1,12-Jan-13,-11
1429,H,2,23-Jan-13,multiparous,13JAN13:00:00:00,286.25,76.91666667,0.946365741,1.053634259,0.666666667,37.16666667,21.525,17,0,1,13-Jan-13,-10
1429,H,2,23-Jan-13,multiparous,14JAN13:00:00:00,515.9166667,139,0.894421296,1.105578704,0.583333333,29.25,23.15833333,16,0,1,14-Jan-13,-9
1429,H,2,23-Jan-13,multiparous,15JAN13:00:00:00,563.9166667,144.25,0.877847222,1.122152778,0.5,31.41666667,18.66666667,15,0,1,15-Jan-13,-8
1429,H,2,23-Jan-13,multiparous,16JAN13:00:00:00,506.5833333,126,0.933865741,1.066134259,0.5,36.25,26.00833333,14,0,1,16-Jan-13,-7
1429,H,2,23-Jan-13,multiparous,17JAN13:00:00:00,377.75,105.4166667,0.857106482,1.142893519,0.666666667,24.08333333,17.95833333,13,0,1,17-Jan-13,-6
1429,H,2,23-Jan-13,multiparous,18JAN13:00:00:00,422.6666667,108.3333333,0.87400463,1.12599537,0.5,26.66666667,14.04166667,12,0,1,18-Jan-13,-5
1429,H,2,23-Jan-13,multiparous,19JAN13:00:00:00,510.0833333,131.5833333,0.996921296,1.04474537,1.083333333,33.41666667,22.89166667,11,0,1,19-Jan-13,-4
1429,H,2,23-Jan-13,multiparous,20JAN13:00:00:00,519.25,129.9166667,0.802361111,1.176805556,1.333333333,28.66666667,21.65833333,10,0,1,20-Jan-13,-3
1429,H,2,23-Jan-13,multiparous,21JAN13:00:00:00,512.4166667,128,0.977685185,1.022314815,1.083333333,32.66666667,20.85,9,0,1,21-Jan-13,-2
1429,H,2,23-Jan-13,multiparous,22JAN13:00:00:00,600.0833333,151.5833333,1.305393519,0.652939815,1.166666667,23.25,13.56666667,8,0,1,22-Jan-13,-1
1429,H,2,23-Jan-13,multiparous,23JAN13:00:00:00,748.1666667,179,1.512222222,0.362777778,1.5,22.66666667,35.53333333,7,1,1,23-Jan-13,0
1436,H,1,19-Sep-12,multiparous,05SEP12:00:00:00,1375.583333,328.1666667,1.234027778,0.765972222,0.583333333,26.75,33.20833333,4,0,1,5-Sep-12,-14
1436,H,1,19-Sep-12,multiparous,06SEP12:00:00:00,1140.25,285.9166667,1.198217593,0.801782407,0.833333333,28.66666667,28.39166667,3,0,1,6-Sep-12,-13
1436,H,1,19-Sep-12,multiparous,07SEP12:00:00:00,1182.083333,282.75,1.165069444,0.834930556,0.75,26.16666667,34.93333333,2,0,1,7-Sep-12,-12
1436,H,1,19-Sep-12,multiparous,08SEP12:00:00:00,1381.416667,331.8333333,1.143564815,0.856435185,0.916666667,22.08333333,32.94166667,1,0,1,8-Sep-12,-11
1436,H,1,19-Sep-12,multiparous,09SEP12:00:00:00,1104.083333,269.0833333,0.971527778,1.028472222,0.75,30.58333333,33.85833333,0,0,1,9-Sep-12,-10
1436,H,1,19-Sep-12,multiparous,10SEP12:00:00:00,1146,274.4166667,0.845902778,1.154097222,0.583333333,32.58333333,33.85,0,0,1,10-Sep-12,-9
1436,H,1,19-Sep-12,multiparous,11SEP12:00:00:00,1288.5,306.6666667,1.073125,0.926875,0.75,27.83333333,30.36666667,0,0,1,11-Sep-12,-8
1436,H,1,19-Sep-12,multiparous,12SEP12:00:00:00,1158.416667,279.5833333,1.077916667,0.922083333,0.833333333,34.41666667,41.00833333,0,0,1,12-Sep-12,-7
1436,H,1,19-Sep-12,multiparous,13SEP12:00:00:00,1138.583333,278.1666667,1.052361111,0.947638889,0.75,32.58333333,39.45,0,0,1,13-Sep-12,-6
1436,H,1,19-Sep-12,multiparous,14SEP12:00:00:00,1335.166667,312.25,1.102106482,0.897893519,1.083333333,29.25,38.3,0,0,1,14-Sep-12,-5
1436,H,1,19-Sep-12,multiparous,15SEP12:00:00:00,740.3333333,182.1666667,0.713842593,1.286157407,0.916666667,33.75,31.13333333,0,0,1,15-Sep-12,-4
1436,H,1,19-Sep-12,multiparous,16SEP12:00:00:00,1667.25,364.5833333,1.064583333,0.935416667,0.666666667,27.33333333,40.075,0,0,1,16-Sep-12,-3
1436,H,1,19-Sep-12,multiparous,17SEP12:00:00:00,3399.833333,660.9166667,1.266296296,0.733703704,0.583333333,13,49.44166667,0,0,1,17-Sep-12,-2
1436,H,1,19-Sep-12,multiparous,18SEP12:00:00:00,1118.666667,266.5833333,0.904953704,1.095046296,1.416666667,11.25,16.15,0,0,1,18-Sep-12,-1
1436,H,1,19-Sep-12,multiparous,19SEP12:00:00:00,1522.25,313.5,1.234444444,0.765555556,3.5,1,34.6,0,1,1,19-Sep-12,0
1443,H,1,22-Sep-12,multiparous,08SEP12:00:00:00,1155.5,285.6666667,1.092685185,0.907314815,0.75,27.91666667,49.58333333,14,0,1,8-Sep-12,-14
1443,H,1,22-Sep-12,multiparous,09SEP12:00:00:00,1328.333333,316.6666667,1.022268519,0.977731482,1,31.41666667,44.78333333,13,0,1,9-Sep-12,-13
1443,H,1,22-Sep-12,multiparous,10SEP12:00:00:00,1349.583333,340.25,1.063657407,0.936342593,0.666666667,40.5,53.78333333,12,0,1,10-Sep-12,-12
1443,H,1,22-Sep-12,multiparous,11SEP12:00:00:00,1639.333333,403.0833333,1.162013889,0.837986111,0.833333333,33.08333333,52.725,11,0,1,11-Sep-12,-11
1443,H,1,22-Sep-12,multiparous,12SEP12:00:00:00,1389.833333,344.4166667,1.227592593,0.772407407,0.666666667,34.75,56.89166667,10,0,1,12-Sep-12,-10
1443,H,1,22-Sep-12,multiparous,13SEP12:00:00:00,1166.916667,298,1.224074074,0.775925926,0.75,31.83333333,58.44166667,9,0,1,13-Sep-12,-9
1443,H,1,22-Sep-12,multiparous,14SEP12:00:00:00,1206.083333,291.1666667,0.967916667,1.032083333,1.25,28,56.2,8,0,1,14-Sep-12,-8
1443,H,1,22-Sep-12,multiparous,15SEP12:00:00:00,826.8333333,209.5833333,0.715138889,1.284861111,1.75,30.5,45.00833333,7,0,1,15-Sep-12,-7
1443,H,1,22-Sep-12,multiparous,16SEP12:00:00:00,806.8333333,216.3333333,0.905138889,1.094861111,0.75,28.5,48.39166667,6,0,1,16-Sep-12,-6
1443,H,1,22-Sep-12,multiparous,17SEP12:00:00:00,951.3333333,249.25,1.027407407,0.972592593,0.916666667,19.83333333,47.1,5,0,1,17-Sep-12,-5
1443,H,1,22-Sep-12,multiparous,18SEP12:00:00:00,925.25,242.25,0.924675926,1.075324074,0.916666667,16.33333333,27.61666667,4,0,1,18-Sep-12,-4
1443,H,1,22-Sep-12,multiparous,19SEP12:00:00:00,1042.25,268.5833333,1.0275,0.9725,1,25.5,46.73333333,3,0,1,19-Sep-12,-3
1443,H,1,22-Sep-12,multiparous,20SEP12:00:00:00,1614.333333,422.1666667,1.06650463,0.93349537,0.833333333,17.41666667,34.7,2,0,1,20-Sep-12,-2
1443,H,1,22-Sep-12,multiparous,21SEP12:00:00:00,1474.333333,401.5,1.23212963,0.76787037,1.666666667,26.58333333,63.55833333,1,0,1,21-Sep-12,-1
1443,H,1,22-Sep-12,multiparous,22SEP12:00:00:00,382.75,100.5,0.958888889,1.041111111,3.25,59,24.8,0,1,1,22-Sep-12,0
1450,H,1,18-Oct-12,multiparous,10OCT12:00:00:00,4192.428571,898.8571429,1.449246032,0.515039683,0.571428571,13.14285714,55.12857143,14,0,1,10-Oct-12,-8
1450,H,1,18-Oct-12,multiparous,11OCT12:00:00:00,3880.916667,838.1666667,1.312893519,0.687106482,1.5,21.25,67.40833333,13,0,1,11-Oct-12,-7
1450,H,1,18-Oct-12,multiparous,12OCT12:00:00:00,3405.5,708.3333333,1.15875,0.84125,1.333333333,15.91666667,56.14166667,12,0,1,12-Oct-12,-6
1450,H,1,18-Oct-12,multiparous,13OCT12:00:00:00,1458.416667,338.75,0.701921296,1.298078704,1.166666667,24.75,27.875,11,0,1,13-Oct-12,-5
1450,H,1,18-Oct-12,multiparous,14OCT12:00:00:00,1731,392.5833333,0.912824074,1.087175926,1,26.16666667,42.4,10,0,1,14-Oct-12,-4
1450,H,1,18-Oct-12,multiparous,15OCT12:00:00:00,1176.75,294.75,0.814259259,1.185740741,1.166666667,32.5,27.11666667,9,0,1,15-Oct-12,-3
1450,H,1,18-Oct-12,multiparous,16OCT12:00:00:00,492.6,121.8,0.599833333,1.350166667,1.2,35.8,27.4,8,0,1,16-Oct-12,-2
1451,H,1,12-Apr-12,multiparous,29MAR12:00:00:00,992.75,239.3333333,0.866782407,1.133217593,0.916666667,46,40.64166667,20,0,1,29-Mar-12,-14
1451,H,1,12-Apr-12,multiparous,30MAR12:00:00:00,836.9166667,196.25,0.751875,1.248125,1.083333333,43.16666667,40.24166667,19,0,1,30-Mar-12,-13
1451,H,1,12-Apr-12,multiparous,31MAR12:00:00:00,1029.5,240.25,0.824814815,1.175185185,0.666666667,35.91666667,27.03333333,18,0,1,31-Mar-12,-12
1451,H,1,12-Apr-12,multiparous,01APR12:00:00:00,1188.5,275.25,0.941851852,1.058148148,0.916666667,4.333333333,3.591666667,17,0,1,1-Apr-12,-11
1451,H,1,12-Apr-12,multiparous,02APR12:00:00:00,1218.166667,271.25,0.867152778,1.132847222,0.75,33.41666667,33.2,16,0,1,2-Apr-12,-10
1451,H,1,12-Apr-12,multiparous,03APR12:00:00:00,1113.166667,259.75,0.89125,1.087916667,1.25,16.33333333,12.68333333,15,0,1,3-Apr-12,-9
1451,H,1,12-Apr-12,multiparous,04APR12:00:00:00,1065.75,233.6666667,0.920138889,1.079861111,0.75,23.83333333,17.46666667,14,0,1,4-Apr-12,-8
1451,H,1,12-Apr-12,multiparous,05APR12:00:00:00,1093.416667,261.75,0.96662037,1.03337963,1.083333333,16.41666667,17.84166667,13,0,1,5-Apr-12,-7
1451,H,1,12-Apr-12,multiparous,06APR12:00:00:00,1393.5,334.0833333,0.934050926,1.065949074,0.916666667,24.58333333,24.64166667,12,0,1,6-Apr-12,-6
1451,H,1,12-Apr-12,multiparous,07APR12:00:00:00,1113,277.25,0.977314815,1.022685185,0.666666667,36.41666667,32.20833333,11,0,1,7-Apr-12,-5
1451,H,1,12-Apr-12,multiparous,08APR12:00:00:00,1160.75,283,0.892314815,1.107685185,0.666666667,32.66666667,33.525,10,0,1,8-Apr-12,-4
1451,H,1,12-Apr-12,multiparous,09APR12:00:00:00,1101.25,281.6666667,0.962199074,1.037800926,0.75,31.33333333,27.075,9,0,1,9-Apr-12,-3
1451,H,1,12-Apr-12,multiparous,10APR12:00:00:00,1302.333333,331.25,1.180601852,0.819398148,0.583333333,34.75,32.70833333,8,0,1,10-Apr-12,-2
1451,H,1,12-Apr-12,multiparous,11APR12:00:00:00,1716.5,460.5,1.537939815,0.462060185,1,15.41666667,16.125,7,0,1,11-Apr-12,-1
1451,H,1,12-Apr-12,multiparous,12APR12:00:00:00,935.5,241,1.268819444,0.731180556,2.5,22.75,45.675,6,1,1,12-Apr-12,0
1455,H,1,30-Jan-12,multiparous,16JAN12:00:00:00,474.6666667,110.8333333,0.896319444,1.103680556,0.666666667,24.58333333,17.225,22,0,1,16-Jan-12,-14
1455,H,1,30-Jan-12,multiparous,17JAN12:00:00:00,362.75,81.75,0.686180556,1.313819444,0.75,45.25,17.775,21,0,1,17-Jan-12,-13
1455,H,1,30-Jan-12,multiparous,22JAN12:00:00:00,589.625,144.125,1.101944444,0.835555556,0.5,21.5,11.9875,16,0,1,22-Jan-12,-8
1455,H,1,30-Jan-12,multiparous,23JAN12:00:00:00,574.25,138.75,0.874768519,1.125231482,0.416666667,32.5,22.775,15,0,1,23-Jan-12,-7
1455,H,1,30-Jan-12,multiparous,24JAN12:00:00:00,590.75,139.3333333,1.046666667,0.953333333,0.583333333,33.33333333,26.5,14,0,1,24-Jan-12,-6
1455,H,1,30-Jan-12,multiparous,25JAN12:00:00:00,675.8333333,157.75,1.020949074,0.979050926,0.5,28.08333333,19.74166667,13,0,1,25-Jan-12,-5
1455,H,1,30-Jan-12,multiparous,26JAN12:00:00:00,352.25,89.08333333,0.935717593,1.064282407,0.666666667,28.75,17.73333333,12,0,1,26-Jan-12,-4
1455,H,1,30-Jan-12,multiparous,27JAN12:00:00:00,200.4166667,53.58333333,1.016828704,0.983171296,0.833333333,23.08333333,12.55833333,11,0,1,27-Jan-12,-3
1455,H,1,30-Jan-12,multiparous,28JAN12:00:00:00,340.6666667,89,1.027037037,0.972962963,0.916666667,16.83333333,7.333333333,10,0,1,28-Jan-12,-2
1455,H,1,30-Jan-12,multiparous,29JAN12:00:00:00,1096.416667,268.5,1.414560185,0.585439815,1.5,20.25,19.28333333,9,0,1,29-Jan-12,-1
1455,H,1,30-Jan-12,multiparous,30JAN12:00:00:00,608.2,151.4,0.870333333,1.129666667,1.2,35.8,15.4,8,1,1,30-Jan-12,0
1456,H,1,2-Dec-11,primiparous,18NOV11:00:00:00,767.0833333,164.5,1.032222222,0.967777778,0.666666667,,,0,0,1,18-Nov-11,-14
1456,H,1,2-Dec-11,primiparous,19NOV11:00:00:00,883.3333333,197.8333333,1.079652778,0.920347222,0.666666667,,,0,0,1,19-Nov-11,-13
1456,H,1,2-Dec-11,primiparous,20NOV11:00:00:00,449.5,114.6666667,1.023958333,0.976041667,0.666666667,,,0,0,1,20-Nov-11,-12
1456,H,1,2-Dec-11,primiparous,21NOV11:00:00:00,727.25,174.0833333,1.153564815,0.846435185,0.583333333,,,0,0,1,21-Nov-11,-11
1456,H,1,2-Dec-11,primiparous,22NOV11:00:00:00,892.1666667,205.25,0.964351852,1.035648148,0.666666667,,,0,0,1,22-Nov-11,-10
1456,H,1,2-Dec-11,primiparous,23NOV11:00:00:00,826.1666667,201.1666667,1.247939815,0.752060185,0.416666667,,,0,0,1,23-Nov-11,-9
1456,H,1,2-Dec-11,primiparous,24NOV11:00:00:00,628.5833333,147.25,0.95662037,1.04337963,0.583333333,,,0,0,1,24-Nov-11,-8
1456,H,1,2-Dec-11,primiparous,25NOV11:00:00:00,864.3333333,202.8333333,1.091689815,0.908310185,0.666666667,,,0,0,1,25-Nov-11,-7
1456,H,1,2-Dec-11,primiparous,26NOV11:00:00:00,851.6666667,196.5,1.279583333,0.720416667,0.833333333,,,0,0,1,26-Nov-11,-6
1456,H,1,2-Dec-11,primiparous,27NOV11:00:00:00,261.3333333,70.91666667,1.170115741,0.829884259,0.833333333,,,0,0,1,27-Nov-11,-5
1456,H,1,2-Dec-11,primiparous,28NOV11:00:00:00,454.5833333,124.6666667,1.51,0.49,0.75,,,0,0,1,28-Nov-11,-4
1456,H,1,2-Dec-11,primiparous,29NOV11:00:00:00,296.5,88.33333333,1.364467593,0.635532407,0.666666667,,,0,0,1,29-Nov-11,-3
1456,H,1,2-Dec-11,primiparous,30NOV11:00:00:00,438.3333333,127.8333333,1.395324074,0.604675926,0.833333333,,,0,0,1,30-Nov-11,-2
1456,H,1,2-Dec-11,primiparous,01DEC11:00:00:00,1677.333333,449.25,1.780138889,0.219861111,1,,,0,0,1,1-Dec-11,-1
1456,H,1,2-Dec-11,primiparous,02DEC11:00:00:00,810.2,208.8,1.3945,0.6055,2,,,0,1,1,2-Dec-11,0
1470,H,2,27-Mar-13,multiparous,13MAR13:00:00:00,934.5833333,207.0833333,0.907152778,1.092847222,1.166666667,37,23.375,16,0,1,13-Mar-13,-14
1470,H,2,27-Mar-13,multiparous,14MAR13:00:00:00,724.8333333,162.6666667,1.220277778,0.779722222,0.5,36.91666667,34.29166667,15,0,1,14-Mar-13,-13
1470,H,2,27-Mar-13,multiparous,15MAR13:00:00:00,1120.5,270.125,1.11,0.79625,0.875,37.625,25.5125,14,0,1,15-Mar-13,-12
1470,H,2,27-Mar-13,multiparous,22MAR13:00:00:00,905.375,203.875,0.874201389,1.094548611,2.375,24,23.45,7,0,1,22-Mar-13,-5
1470,H,2,27-Mar-13,multiparous,23MAR13:00:00:00,481.5833333,122.0833333,1.146388889,0.853611111,1.333333333,25.25,15.93333333,6,0,1,23-Mar-13,-4
1470,H,2,27-Mar-13,multiparous,24MAR13:00:00:00,808.3333333,210.25,1.198865741,0.801134259,1.916666667,0,0,5,0,1,24-Mar-13,-3
1470,H,2,27-Mar-13,multiparous,25MAR13:00:00:00,1134.545455,241.8181818,1.095631313,0.813459596,2.272727273,34.18181818,21.10909091,4,0,1,25-Mar-13,-2
1479,H,1,23-Nov-11,primiparous,09NOV11:00:00:00,808.0833333,202,0.920069444,1.079930556,0.666666667,,,0,0,2,9-Nov-11,-14
1479,H,1,23-Nov-11,primiparous,10NOV11:00:00:00,901.9166667,225.5833333,0.878796296,1.121203704,0.666666667,,,0,0,2,10-Nov-11,-13
1479,H,1,23-Nov-11,primiparous,11NOV11:00:00:00,1011.666667,249.4166667,1.071087963,0.928912037,0.833333333,,,0,0,2,11-Nov-11,-12
1479,H,1,23-Nov-11,primiparous,12NOV11:00:00:00,988.5,242.4166667,0.876388889,1.123611111,0.75,,,0,0,2,12-Nov-11,-11
1479,H,1,23-Nov-11,primiparous,13NOV11:00:00:00,856.1666667,217.1666667,1.072800926,0.927199074,1.083333333,,,0,0,2,13-Nov-11,-10
1479,H,1,23-Nov-11,primiparous,14NOV11:00:00:00,938.75,241.9166667,0.993726852,1.006273148,0.833333333,,,0,0,2,14-Nov-11,-9
1479,H,1,23-Nov-11,primiparous,15NOV11:00:00:00,283.6666667,75,0.888171296,1.111828704,1,,,0,0,2,15-Nov-11,-8
1479,H,1,23-Nov-11,primiparous,16NOV11:00:00:00,999.75,266.9166667,1.176550926,0.823449074,0.666666667,,,0,0,2,16-Nov-11,-7
1479,H,1,23-Nov-11,primiparous,17NOV11:00:00:00,606,163.75,1.328541667,0.629791667,1.25,,,0,0,2,17-Nov-11,-6
1479,H,1,23-Nov-11,primiparous,18NOV11:00:00:00,700.5833333,188.5833333,1.352939815,0.647060185,1.166666667,,,0,0,2,18-Nov-11,-5
1479,H,1,23-Nov-11,primiparous,19NOV11:00:00:00,825.8333333,226,1.187800926,0.812199074,1,,,0,0,2,19-Nov-11,-4
1479,H,1,23-Nov-11,primiparous,20NOV11:00:00:00,575.5833333,163.8333333,1.311365741,0.688634259,0.75,,,0,0,2,20-Nov-11,-3
1479,H,1,23-Nov-11,primiparous,21NOV11:00:00:00,683.0833333,194.6666667,1.464421296,0.535578704,0.75,,,0,0,2,21-Nov-11,-2
1479,H,1,23-Nov-11,primiparous,22NOV11:00:00:00,791.5833333,229.0833333,1.475231482,0.524768519,0.666666667,,,0,0,2,22-Nov-11,-1
1479,H,1,23-Nov-11,primiparous,23NOV11:00:00:00,596.8,170.2,1.297722222,0.702277778,1.4,,,0,1,2,23-Nov-11,0
1479,H,2,31-Dec-12,multiparous,17DEC12:00:00:00,462.0833333,125.5833333,0.948333333,1.051666667,0.75,43.08333333,23.51666667,17,0,1,17-Dec-12,-14
1479,H,2,31-Dec-12,multiparous,18DEC12:00:00:00,355.6,99.6,0.934666667,1.065333333,0.2,39.6,22.18,16,0,1,18-Dec-12,-13
1479,H,2,31-Dec-12,multiparous,28DEC12:00:00:00,886.5714286,259,1.250595238,0.749404762,1.142857143,51,33.21428571,6,0,1,28-Dec-12,-3
1479,H,2,31-Dec-12,multiparous,29DEC12:00:00:00,518.5833333,147.25,1.196875,0.803125,1,50.08333333,27.5,5,0,1,29-Dec-12,-2
1479,H,2,31-Dec-12,multiparous,30DEC12:00:00:00,550.75,148.8333333,1.447430556,0.469236111,1.25,42.08333333,26.25,4,0,1,30-Dec-12,-1
1479,H,2,31-Dec-12,multiparous,31DEC12:00:00:00,283.6666667,83,1.292685185,0.457314815,2.666666667,28.33333333,19.26666667,3,1,1,31-Dec-12,0
1481,H,1,12-Nov-11,primiparous,29OCT11:00:00:00,931.9166667,229.5,1.071574074,0.928425926,0.583333333,25.75,16.33333333,0,0,1,29-Oct-11,-14
1481,H,1,12-Nov-11,primiparous,30OCT11:00:00:00,947.5833333,225.9166667,1.126180556,0.873819444,0.583333333,18.90909091,10.55454546,0,0,1,30-Oct-11,-13
1481,H,1,12-Nov-11,primiparous,31OCT11:00:00:00,901.5833333,224.8333333,1.046550926,0.953449074,0.5,60.5,29.1,0,0,1,31-Oct-11,-12
1481,H,1,12-Nov-11,primiparous,01NOV11:00:00:00,816.25,190.1666667,1.267916667,0.690416667,0.583333333,38.25,31.31666667,0,0,1,1-Nov-11,-11
1481,H,1,12-Nov-11,primiparous,02NOV11:00:00:00,971.3333333,241.25,1.431273148,0.568726852,0.416666667,41.66666667,31.68333333,0,0,1,2-Nov-11,-10
1481,H,1,12-Nov-11,primiparous,03NOV11:00:00:00,1095.583333,258.4166667,1.407638889,0.592361111,0.583333333,42.83333333,35.81666667,0,0,1,3-Nov-11,-9
1481,H,1,12-Nov-11,primiparous,04NOV11:00:00:00,891.3333333,228,1.241759259,0.758240741,0.583333333,36.33333333,29.28333333,0,0,1,4-Nov-11,-8
1481,H,1,12-Nov-11,primiparous,05NOV11:00:00:00,984.9166667,256.75,1.391388889,0.608611111,0.583333333,35.33333333,29.51666667,0,0,1,5-Nov-11,-7
1481,H,1,12-Nov-11,primiparous,06NOV11:00:00:00,1351.083333,345.8333333,1.549699074,0.450300926,0.5,29.5,34.45833333,0,0,1,6-Nov-11,-6
1481,H,1,12-Nov-11,primiparous,07NOV11:00:00:00,814.6666667,203.4166667,1.457106482,0.542893519,0.833333333,27.75,34.15,0,0,1,7-Nov-11,-5
1481,H,1,12-Nov-11,primiparous,08NOV11:00:00:00,895.4166667,237.0833333,1.400393519,0.599606482,0.833333333,29.58333333,33.875,0,0,1,8-Nov-11,-4
1481,H,1,12-Nov-11,primiparous,09NOV11:00:00:00,1056,279.0833333,1.67349537,0.32650463,0.416666667,29.16666667,40.275,0,0,1,9-Nov-11,-3
1481,H,1,12-Nov-11,primiparous,10NOV11:00:00:00,1347,373.8333333,1.769976852,0.230023148,0.416666667,16.41666667,21.90833333,0,0,1,10-Nov-11,-2
1481,H,1,12-Nov-11,primiparous,11NOV11:00:00:00,1666.25,466.4166667,1.552037037,0.447962963,1.5,15.66666667,30.79166667,0,0,1,11-Nov-11,-1
1481,H,1,12-Nov-11,primiparous,12NOV11:00:00:00,1247.75,295,1.408055556,0.591944444,2,24.5,30.1,0,1,1,12-Nov-11,0
1482,H,1,14-Nov-11,primiparous,31OCT11:00:00:00,858.1666667,209.25,0.767662037,1.232337963,0.583333333,54,31.35,0,0,1,31-Oct-11,-14
1482,H,1,14-Nov-11,primiparous,01NOV11:00:00:00,796,184.5,0.761759259,1.217407407,0.666666667,48.41666667,28.56666667,0,0,1,1-Nov-11,-13
1482,H,1,14-Nov-11,primiparous,02NOV11:00:00:00,763.75,185.8333333,0.814166667,1.185833333,1,54.16666667,28.65,0,0,1,2-Nov-11,-12
1482,H,1,14-Nov-11,primiparous,03NOV11:00:00:00,666.75,161.75,0.793125,1.206875,0.833333333,56.33333333,26.31666667,0,0,1,3-Nov-11,-11
1482,H,1,14-Nov-11,primiparous,04NOV11:00:00:00,828.6666667,204.4166667,0.776041667,1.223958333,1,46.83333333,28.66666667,0,0,1,4-Nov-11,-10
1482,H,1,14-Nov-11,primiparous,05NOV11:00:00:00,313,87,0.886666667,1.03,0.666666667,44.83333333,19.05,0,0,1,5-Nov-11,-9
1482,H,1,14-Nov-11,primiparous,06NOV11:00:00:00,885.7142857,243.8571429,0.970793651,0.957777778,1,36.14285714,30.81428571,0,0,1,6-Nov-11,-8
1482,H,1,14-Nov-11,primiparous,07NOV11:00:00:00,452.5833333,126.5833333,1.096388889,0.903611111,0.916666667,44.33333333,27.10833333,0,0,1,7-Nov-11,-7
1482,H,1,14-Nov-11,primiparous,08NOV11:00:00:00,485.25,134.5,1.17375,0.82625,1.25,46.91666667,27.4,0,0,1,8-Nov-11,-6
1482,H,1,14-Nov-11,primiparous,09NOV11:00:00:00,526.75,148.4166667,1.248125,0.751875,1.083333333,43.58333333,31.46666667,0,0,1,9-Nov-11,-5
1482,H,1,14-Nov-11,primiparous,10NOV11:00:00:00,656.75,174.9166667,1.31287037,0.68712963,1.083333333,25.5,17.525,0,0,1,10-Nov-11,-4
1482,H,1,14-Nov-11,primiparous,11NOV11:00:00:00,605.5833333,161.8333333,1.517291667,0.482708333,1,27.58333333,23.05833333,0,0,1,11-Nov-11,-3
1482,H,1,14-Nov-11,primiparous,12NOV11:00:00:00,910.3333333,239.5833333,1.399513889,0.600486111,1.166666667,27.58333333,19.975,0,0,1,12-Nov-11,-2
1482,H,1,14-Nov-11,primiparous,13NOV11:00:00:00,980.5,253.5,1.285625,0.714375,1.75,21.33333333,14.96666667,0,0,1,13-Nov-11,-1
1482,H,1,14-Nov-11,primiparous,14NOV11:00:00:00,1411.666667,340,1.063333333,0.936666667,1.666666667,28.66666667,45.16666667,0,1,1,14-Nov-11,0
1482,H,2,27-Oct-12,multiparous,13OCT12:00:00:00,894.0833333,146.8333333,0.502685185,1.497314815,1.166666667,39.66666667,25.775,12,0,3,13-Oct-12,-14
1482,H,2,27-Oct-12,multiparous,14OCT12:00:00:00,1284,279,1.0875,0.1625,0,68,16,11,0,3,14-Oct-12,-13
1482,H,2,27-Oct-12,multiparous,19OCT12:00:00:00,1605.142857,25.57142857,0.073333333,1.926666667,2.571428571,26.57142857,19.82857143,6,0,3,19-Oct-12,-8
1482,H,2,27-Oct-12,multiparous,20OCT12:00:00:00,664.6666667,145.6666667,0.772083333,1.227916667,1.083333333,43,24.81666667,5,0,3,20-Oct-12,-7
1482,H,2,27-Oct-12,multiparous,21OCT12:00:00:00,834.75,208,0.963958333,1.036041667,0.916666667,42.58333333,26.64166667,4,0,3,21-Oct-12,-6
1482,H,2,27-Oct-12,multiparous,22OCT12:00:00:00,991.8333333,246.1666667,1.115069444,0.884930556,0.916666667,41.16666667,32.23333333,3,0,3,22-Oct-12,-5
1482,H,2,27-Oct-12,multiparous,23OCT12:00:00:00,1136.416667,169.9166667,0.92412037,1.07587963,2.833333333,48.75,33.025,2,0,3,23-Oct-12,-4
1482,H,2,27-Oct-12,multiparous,24OCT12:00:00:00,1379.166667,10.25,0.061712963,1.938287037,0.5,50.91666667,36.23333333,1,0,3,24-Oct-12,-3
1482,H,2,27-Oct-12,multiparous,25OCT12:00:00:00,1232.5,229.5833333,1.045347222,0.954652778,0.666666667,45.25,35.45,0,0,3,25-Oct-12,-2
1482,H,2,27-Oct-12,multiparous,26OCT12:00:00:00,736.5,150.25,0.95912037,1.04087963,2.666666667,50,39.60833333,0,0,3,26-Oct-12,-1
1482,H,2,27-Oct-12,multiparous,27OCT12:00:00:00,170.2857143,36.71428571,0.963492064,1.036507937,2.571428571,41.57142857,26.15714286,0,1,3,27-Oct-12,0
1483,H,1,26-Nov-11,primiparous,12NOV11:00:00:00,917.3333333,196.75,1.102407407,0.897592593,1.166666667,24.41666667,20.25,0,0,1,12-Nov-11,-14
1483,H,1,26-Nov-11,primiparous,13NOV11:00:00:00,1217.333333,259.1666667,1.218587963,0.781412037,0.75,25.58333333,24.475,0,0,1,13-Nov-11,-13
1483,H,1,26-Nov-11,primiparous,14NOV11:00:00:00,903,201.6666667,1.121111111,0.878888889,0.916666667,26.91666667,20.075,0,0,1,14-Nov-11,-12
1483,H,1,26-Nov-11,primiparous,15NOV11:00:00:00,408.25,99.5,0.990833333,1.009166667,0.75,21.08333333,18.64166667,0,0,1,15-Nov-11,-11
1483,H,1,26-Nov-11,primiparous,16NOV11:00:00:00,523.6666667,125.6666667,1.03125,0.84375,0.5,25.83333333,13.71666667,0,0,1,16-Nov-11,-10
1483,H,1,26-Nov-11,primiparous,17NOV11:00:00:00,845,197.2857143,1.265793651,0.698492064,0.571428571,12.14285714,35.31428571,0,0,1,17-Nov-11,-9
1483,H,1,26-Nov-11,primiparous,18NOV11:00:00:00,736.25,167.3333333,1.125856482,0.874143519,0.833333333,27.66666667,26.40833333,0,0,1,18-Nov-11,-8
1483,H,1,26-Nov-11,primiparous,19NOV11:00:00:00,1172.666667,269.9166667,1.227708333,0.772291667,0.583333333,25.91666667,24.575,0,0,1,19-Nov-11,-7
1483,H,1,26-Nov-11,primiparous,20NOV11:00:00:00,834.1666667,201.1666667,1.396550926,0.603449074,0.666666667,24.66666667,25.94166667,0,0,1,20-Nov-11,-6
1483,H,1,26-Nov-11,primiparous,21NOV11:00:00:00,922.5,225.25,1.310555556,0.689444444,0.666666667,30.08333333,31.53333333,0,0,1,21-Nov-11,-5
1483,H,1,26-Nov-11,primiparous,22NOV11:00:00:00,933.6666667,221.75,1.454930556,0.545069444,0.75,22.66666667,34.78333333,0,0,1,22-Nov-11,-4
1483,H,1,26-Nov-11,primiparous,23NOV11:00:00:00,757.6666667,193.3333333,1.47849537,0.52150463,0.666666667,18.25,39.73333333,0,0,1,23-Nov-11,-3
1483,H,1,26-Nov-11,primiparous,24NOV11:00:00:00,732,178.8333333,1.592337963,0.407662037,0.416666667,27,32.525,0,0,1,24-Nov-11,-2
1483,H,1,26-Nov-11,primiparous,25NOV11:00:00:00,376.6,92,1.477555556,0.522444444,0.6,38.8,33.82,0,0,1,25-Nov-11,-1
1485,H,1,26-Oct-12,multiparous,12OCT12:00:00:00,1070.583333,276.4166667,1.149884259,0.850115741,0.666666667,34.5,29.08333333,19,0,1,12-Oct-12,-14
1485,H,1,26-Oct-12,multiparous,13OCT12:00:00:00,935.4166667,237.5,1.027662037,0.972337963,1.166666667,34.16666667,23.25,18,0,1,13-Oct-12,-13
1485,H,1,26-Oct-12,multiparous,14OCT12:00:00:00,958.6666667,241.25,1.052407407,0.947592593,0.916666667,34.25,28.40833333,17,0,1,14-Oct-12,-12
1485,H,1,26-Oct-12,multiparous,15OCT12:00:00:00,1030.583333,268.8333333,0.988425926,1.011574074,0.833333333,29.25,23.58333333,16,0,1,15-Oct-12,-11
1485,H,1,26-Oct-12,multiparous,16OCT12:00:00:00,737.9166667,196.8333333,1.016342593,0.962824074,0.833333333,31.91666667,24.29166667,15,0,1,16-Oct-12,-10
1485,H,1,26-Oct-12,multiparous,17OCT12:00:00:00,756.0833333,195.5,1.012962963,0.987037037,0.75,36.5,22.65833333,14,0,1,17-Oct-12,-9
1485,H,1,26-Oct-12,multiparous,18OCT12:00:00:00,1019.333333,264.4166667,1.130578704,0.869421296,0.833333333,35.41666667,35.13333333,13,0,1,18-Oct-12,-8
1485,H,1,26-Oct-12,multiparous,19OCT12:00:00:00,1264.416667,333.0833333,1.176712963,0.823287037,0.75,33.5,24.19166667,12,0,1,19-Oct-12,-7
1485,H,1,26-Oct-12,multiparous,20OCT12:00:00:00,854.25,236.5,1.175046296,0.824953704,1,37.5,29.80833333,11,0,1,20-Oct-12,-6
1485,H,1,26-Oct-12,multiparous,21OCT12:00:00:00,1012,281.8333333,1.344259259,0.655740741,0.833333333,30.25,30.31666667,10,0,1,21-Oct-12,-5
1485,H,1,26-Oct-12,multiparous,22OCT12:00:00:00,938.75,251.6666667,1.276273148,0.723726852,1.166666667,41.66666667,43.79166667,9,0,1,22-Oct-12,-4
1485,H,1,26-Oct-12,multiparous,23OCT12:00:00:00,1072.166667,290.75,1.513472222,0.486527778,1.25,43.91666667,39.79166667,8,0,1,23-Oct-12,-3
1485,H,1,26-Oct-12,multiparous,24OCT12:00:00:00,1230,334.1666667,1.44537037,0.55462963,1,42.33333333,46.75833333,7,0,1,24-Oct-12,-2
1485,H,1,26-Oct-12,multiparous,25OCT12:00:00:00,1321.666667,369.5833333,1.575740741,0.424259259,1.166666667,40.25,45.45,6,0,1,25-Oct-12,-1
1485,H,1,26-Oct-12,multiparous,26OCT12:00:00:00,1219,271.8,1.316666667,0.683333333,3.6,8,38.6,5,1,1,26-Oct-12,0
1487,H,1,10-Nov-11,primiparous,27OCT11:00:00:00,877.5833333,251.0833333,1.037407407,0.962592593,0.583333333,21.75,16.48333333,0,0,1,27-Oct-11,-14
1487,H,1,10-Nov-11,primiparous,28OCT11:00:00:00,661.0833333,184.9166667,1.086574074,0.913425926,0.666666667,22.33333333,17.96666667,0,0,1,28-Oct-11,-13
1487,H,1,10-Nov-11,primiparous,29OCT11:00:00:00,669.9166667,178,1.116435185,0.883564815,0.916666667,25.58333333,14.8,0,0,1,29-Oct-11,-12
1487,H,1,10-Nov-11,primiparous,30OCT11:00:00:00,783.1666667,207.4166667,1.122361111,0.877638889,1,20.09090909,11.93636364,0,0,1,30-Oct-11,-11
1487,H,1,10-Nov-11,primiparous,31OCT11:00:00:00,658.6666667,173.75,0.959791667,1.040208333,1.166666667,44.5,27.1,0,0,1,31-Oct-11,-10
1487,H,1,10-Nov-11,primiparous,01NOV11:00:00:00,662.8333333,174.8333333,0.994837963,0.984328704,1.083333333,34.16666667,29.675,0,0,1,1-Nov-11,-9
1487,H,1,10-Nov-11,primiparous,02NOV11:00:00:00,696.4166667,184.6666667,1.024351852,0.975648148,1.083333333,42,30.56666667,0,0,1,2-Nov-11,-8
1487,H,1,10-Nov-11,primiparous,03NOV11:00:00:00,659.25,171.5,1.018518519,0.981481482,0.916666667,46.08333333,32.28333333,0,0,1,3-Nov-11,-7
1487,H,1,10-Nov-11,primiparous,04NOV11:00:00:00,658.5833333,174.25,0.976111111,1.023888889,1.166666667,43.33333333,31.975,0,0,1,4-Nov-11,-6
1487,H,1,10-Nov-11,primiparous,05NOV11:00:00:00,712.5,191.8333333,1.041689815,0.958310185,0.75,41.91666667,29.3,0,0,1,5-Nov-11,-5
1487,H,1,10-Nov-11,primiparous,06NOV11:00:00:00,784,214.3333333,1.081967593,0.918032407,0.833333333,33.33333333,30.275,0,0,1,6-Nov-11,-4
1487,H,1,10-Nov-11,primiparous,07NOV11:00:00:00,811.1666667,215.5,1.213773148,0.786226852,1.083333333,34.66666667,32.60833333,0,0,1,7-Nov-11,-3
1487,H,1,10-Nov-11,primiparous,08NOV11:00:00:00,628.5833333,171.4166667,1.026782407,0.973217593,1.333333333,41.16666667,31.66666667,0,0,1,8-Nov-11,-2
1487,H,1,10-Nov-11,primiparous,09NOV11:00:00:00,734.8333333,203.75,1.029259259,0.970740741,1.166666667,22.08333333,13.85833333,0,0,1,9-Nov-11,-1
1487,H,1,10-Nov-11,primiparous,10NOV11:00:00:00,810.25,180,1.214236111,0.785763889,3.25,10,34.05,0,1,1,10-Nov-11,0
1487,H,2,22-Oct-12,multiparous,08OCT12:00:00:00,615.5833333,165.5833333,0.75875,1.24125,0.833333333,34.91666667,27.81666667,20,0,1,8-Oct-12,-14
1487,H,2,22-Oct-12,multiparous,09OCT12:00:00:00,704.9166667,189.3333333,0.793055556,1.206944444,0.75,33.33333333,22.30833333,19,0,1,9-Oct-12,-13
1487,H,2,22-Oct-12,multiparous,10OCT12:00:00:00,839.0833333,220.75,0.953912037,1.046087963,0.916666667,35.58333333,26.35833333,18,0,1,10-Oct-12,-12
1487,H,2,22-Oct-12,multiparous,11OCT12:00:00:00,807.6666667,211.4166667,0.90775463,1.09224537,0.75,34.75,29.16666667,17,0,1,11-Oct-12,-11
1487,H,2,22-Oct-12,multiparous,12OCT12:00:00:00,660.4166667,174.9166667,0.757708333,1.242291667,0.916666667,30.16666667,23.24166667,16,0,1,12-Oct-12,-10
1487,H,2,22-Oct-12,multiparous,13OCT12:00:00:00,832.25,220.75,0.798009259,1.201990741,1.083333333,34.5,29.8,15,0,1,13-Oct-12,-9
1487,H,2,22-Oct-12,multiparous,14OCT12:00:00:00,887.5,233.5833333,0.937453704,1.062546296,0.916666667,27.58333333,23.69166667,14,0,1,14-Oct-12,-8
1487,H,2,22-Oct-12,multiparous,15OCT12:00:00:00,704.1666667,190.25,0.700393519,1.299606482,1,28,29.375,13,0,1,15-Oct-12,-7
1487,H,2,22-Oct-12,multiparous,16OCT12:00:00:00,678,181.6666667,0.776898148,1.202268519,0.666666667,25.33333333,27.025,12,0,1,16-Oct-12,-6
1487,H,2,22-Oct-12,multiparous,17OCT12:00:00:00,768.25,201.1666667,0.810185185,1.189814815,0.75,29.5,21.55,11,0,1,17-Oct-12,-5
1487,H,2,22-Oct-12,multiparous,18OCT12:00:00:00,881.6666667,234.4166667,0.924861111,1.075138889,0.666666667,30.5,28.21666667,10,0,1,18-Oct-12,-4
1487,H,2,22-Oct-12,multiparous,19OCT12:00:00:00,802.9166667,218.75,0.895069444,1.104930556,0.916666667,29.33333333,28.48333333,9,0,1,19-Oct-12,-3
1487,H,2,22-Oct-12,multiparous,20OCT12:00:00:00,595.3333333,168.75,0.824467593,1.175532407,0.75,28.66666667,20.8,8,0,1,20-Oct-12,-2
1487,H,2,22-Oct-12,multiparous,21OCT12:00:00:00,759.6666667,210.8333333,1.030972222,0.969027778,0.666666667,31,25.275,7,0,1,21-Oct-12,-1
1487,H,2,22-Oct-12,multiparous,22OCT12:00:00:00,1276.444444,330,1.2125,0.7875,2.333333333,13.22222222,13.81111111,6,1,1,22-Oct-12,0
1489,H,1,16-Nov-11,primiparous,02NOV11:00:00:00,743.75,174.5,1.029953704,0.970046296,1.166666667,31.66666667,28.55833333,0,0,1,2-Nov-11,-14
1489,H,1,16-Nov-11,primiparous,03NOV11:00:00:00,745,174.75,1.047615741,0.952384259,1,34.83333333,28.65,0,0,1,3-Nov-11,-13
1489,H,1,16-Nov-11,primiparous,04NOV11:00:00:00,890.8333333,216.6666667,1.088217593,0.911782407,0.75,31.58333333,29.70833333,0,0,1,4-Nov-11,-12
1489,H,1,16-Nov-11,primiparous,05NOV11:00:00:00,1013.25,243.3333333,1.073472222,0.926527778,1.083333333,21.41666667,27.3,0,0,1,5-Nov-11,-11
1489,H,1,16-Nov-11,primiparous,06NOV11:00:00:00,1002.916667,236.4166667,1.024421296,0.975578704,0.916666667,17.5,29.575,0,0,1,6-Nov-11,-10
1489,H,1,16-Nov-11,primiparous,07NOV11:00:00:00,790.6666667,186.5833333,0.924837963,1.075162037,0.833333333,19.66666667,29.56666667,0,0,1,7-Nov-11,-9
1489,H,1,16-Nov-11,primiparous,08NOV11:00:00:00,834,200.4166667,0.937800926,1.062199074,0.916666667,24.08333333,25.38333333,0,0,1,8-Nov-11,-8
1489,H,1,16-Nov-11,primiparous,09NOV11:00:00:00,770.6666667,185.1666667,0.824976852,1.175023148,0.916666667,22.25,28.6,0,0,1,9-Nov-11,-7
1489,H,1,16-Nov-11,primiparous,10NOV11:00:00:00,956,234.9166667,1.016180556,0.983819444,0.833333333,10.41666667,10.23333333,0,0,1,10-Nov-11,-6
1489,H,1,16-Nov-11,primiparous,11NOV11:00:00:00,907.9166667,223.75,0.909861111,1.090138889,0.666666667,20.41666667,25.825,0,0,1,11-Nov-11,-5
1489,H,1,16-Nov-11,primiparous,12NOV11:00:00:00,982.0833333,231.4166667,0.940300926,1.059699074,0.833333333,23.16666667,21.325,0,0,1,12-Nov-11,-4
1489,H,1,16-Nov-11,primiparous,13NOV11:00:00:00,1076,260.75,1.004421296,0.995578704,0.916666667,22.66666667,27.175,0,0,1,13-Nov-11,-3
1489,H,1,16-Nov-11,primiparous,14NOV11:00:00:00,1194.583333,279.5,1.010324074,0.989675926,0.75,25.33333333,21.55833333,0,0,1,14-Nov-11,-2
1489,H,1,16-Nov-11,primiparous,15NOV11:00:00:00,1227.833333,318.1666667,1.260833333,0.739166667,0.833333333,17.33333333,27.91666667,0,0,1,15-Nov-11,-1
1489,H,1,16-Nov-11,primiparous,16NOV11:00:00:00,1286.5,301,1.579861111,0.420138889,1,7.75,42.025,0,1,1,16-Nov-11,0
1491,H,1,2-Jul-12,primiparous,18JUN12:00:00:00,1191.666667,288,0.890092593,1.109907407,1.166666667,20,15.54166667,0,0,2,18-Jun-12,-14
1491,H,1,2-Jul-12,primiparous,19JUN12:00:00:00,1902.916667,445,1.121550926,0.857615741,0.666666667,19.08333333,52.83333333,0,0,2,19-Jun-12,-13
1491,H,1,2-Jul-12,primiparous,20JUN12:00:00:00,1741.416667,440.9166667,1.39650463,0.60349537,0.666666667,16.66666667,42.975,0,0,2,20-Jun-12,-12
1491,H,1,2-Jul-12,primiparous,21JUN12:00:00:00,1072.083333,272.8333333,1.080763889,0.919236111,0.833333333,28.25,52.09166667,0,0,2,21-Jun-12,-11
1491,H,1,2-Jul-12,primiparous,22JUN12:00:00:00,1082.833333,280.5833333,1.099675926,0.900324074,1.25,37.41666667,52.20833333,0,0,2,22-Jun-12,-10
1491,H,1,2-Jul-12,primiparous,23JUN12:00:00:00,1019.5,264.5,1.040648148,0.959351852,0.916666667,37.58333333,49.29166667,0,0,2,23-Jun-12,-9
1491,H,1,2-Jul-12,primiparous,24JUN12:00:00:00,1050.916667,268.8333333,1.032106482,0.967893519,0.75,36.33333333,46.49166667,0,0,2,24-Jun-12,-8
1491,H,1,2-Jul-12,primiparous,25JUN12:00:00:00,697.5,186.3333333,1.068611111,0.931388889,0.916666667,40.75,43.64166667,0,0,2,25-Jun-12,-7
1491,H,1,2-Jul-12,primiparous,26JUN12:00:00:00,805.25,219.4166667,0.987986111,1.012013889,0.833333333,29.33333333,40.875,0,0,2,26-Jun-12,-6
1491,H,1,2-Jul-12,primiparous,27JUN12:00:00:00,866.25,245.4166667,1.224791667,0.775208333,0.666666667,30,43.325,0,0,2,27-Jun-12,-5
1491,H,1,2-Jul-12,primiparous,28JUN12:00:00:00,1007.833333,282.6666667,1.305532407,0.694467593,0.5,23.41666667,53.26666667,0,0,2,28-Jun-12,-4
1491,H,1,2-Jul-12,primiparous,29JUN12:00:00:00,907.6666667,257.1666667,1.496666667,0.503333333,0.416666667,28.75,54.3,0,0,2,29-Jun-12,-3
1491,H,1,2-Jul-12,primiparous,30JUN12:00:00:00,600.9166667,174.5,1.661041667,0.338958333,0.25,26.41666667,55.55833333,0,0,2,30-Jun-12,-2
1491,H,1,2-Jul-12,primiparous,01JUL12:00:00:00,449,126.1666667,1.499814815,0.500185185,0.5,26.66666667,36.025,0,0,2,1-Jul-12,-1
1491,H,1,2-Jul-12,primiparous,02JUL12:00:00:00,602.6666667,154.8888889,1.549228395,0.450771605,0.555555556,19.11111111,38.61111111,0,1,2,2-Jul-12,0
1493,H,1,3-Jul-12,primiparous,20JUN12:00:00:00,1796.727273,415.6363636,1.423257576,0.576742424,1,16,26.36363636,0,0,1,20-Jun-12,-13
1493,H,1,3-Jul-12,primiparous,21JUN12:00:00:00,1740.5,386,1.182430556,0.817569444,1,24.25,45.89166667,0,0,1,21-Jun-12,-12
1493,H,1,3-Jul-12,primiparous,22JUN12:00:00:00,1299.666667,291.8333333,1.091550926,0.908449074,1.083333333,35.91666667,47.475,0,0,1,22-Jun-12,-11
1493,H,1,3-Jul-12,primiparous,23JUN12:00:00:00,1591.416667,350.75,1.071875,0.928125,1.166666667,36.08333333,48.24166667,0,0,1,23-Jun-12,-10
1493,H,1,3-Jul-12,primiparous,24JUN12:00:00:00,1684.75,372.25,1.183078704,0.816921296,0.916666667,34.5,45.575,0,0,1,24-Jun-12,-9
1493,H,1,3-Jul-12,primiparous,25JUN12:00:00:00,1135.416667,260.25,1.044583333,0.955416667,0.666666667,39.25,40.94166667,0,0,1,25-Jun-12,-8
1493,H,1,3-Jul-12,primiparous,26JUN12:00:00:00,1217.666667,271.6666667,0.999722222,1.000277778,0.833333333,37.5,38.83333333,0,0,1,26-Jun-12,-7
1493,H,1,3-Jul-12,primiparous,27JUN12:00:00:00,1529.25,344.6666667,1.128888889,0.871111111,0.916666667,31.08333333,41.825,0,0,1,27-Jun-12,-6
1493,H,1,3-Jul-12,primiparous,28JUN12:00:00:00,1724.25,391.9166667,1.124166667,0.875833333,0.5,27.5,49.53333333,0,0,1,28-Jun-12,-5
1493,H,1,3-Jul-12,primiparous,29JUN12:00:00:00,1590.25,391.0833333,1.272337963,0.727662037,0.75,32.5,52.13333333,0,0,1,29-Jun-12,-4
1493,H,1,3-Jul-12,primiparous,30JUN12:00:00:00,1094.666667,305.9166667,1.463958333,0.536041667,0.5,29.58333333,47.075,0,0,1,30-Jun-12,-3
1493,H,1,3-Jul-12,primiparous,01JUL12:00:00:00,659.8333333,189,1.282384259,0.717615741,0.75,13.33333333,15.85,0,0,1,1-Jul-12,-2
1493,H,1,3-Jul-12,primiparous,02JUL12:00:00:00,553.9166667,146,1.117384259,0.882615741,0.75,3.25,8.2,0,0,1,2-Jul-12,-1
1493,H,1,3-Jul-12,primiparous,03JUL12:00:00:00,691.2857143,188.5714286,1.169325397,0.794960318,1.142857143,26.14285714,41.58571429,0,1,1,3-Jul-12,0
1494,H,1,15-Jul-12,primiparous,01JUL12:00:00:00,653,161,1.142847222,0.857152778,0.833333333,28.41666667,31.46666667,0,0,2,1-Jul-12,-14
1494,H,1,15-Jul-12,primiparous,02JUL12:00:00:00,594.75,149.0833333,1.028634259,0.971365741,0.916666667,28.25,26.525,0,0,2,2-Jul-12,-13
1494,H,1,15-Jul-12,primiparous,03JUL12:00:00:00,902.1666667,221.5,1.201134259,0.778032407,0.5,25.66666667,30.81666667,0,0,2,3-Jul-12,-12
1494,H,1,15-Jul-12,primiparous,04JUL12:00:00:00,640.4166667,159.1666667,1.143148148,0.856851852,0.75,12.91666667,14.53333333,0,0,2,4-Jul-12,-11
1494,H,1,15-Jul-12,primiparous,05JUL12:00:00:00,729.4166667,180.5833333,1.238564815,0.761435185,0.666666667,31.08333333,34.45,0,0,2,5-Jul-12,-10
1494,H,1,15-Jul-12,primiparous,06JUL12:00:00:00,707.4166667,186.9166667,1.377476852,0.622523148,0.75,30.5,30.4,0,0,2,6-Jul-12,-9
1494,H,1,15-Jul-12,primiparous,07JUL12:00:00:00,653.0833333,166.75,1.389606482,0.610393519,0.666666667,29.58333333,31.95833333,0,0,2,7-Jul-12,-8
1494,H,1,15-Jul-12,primiparous,08JUL12:00:00:00,800.4166667,210.75,1.393634259,0.606365741,0.5,32,33.725,0,0,2,8-Jul-12,-7
1494,H,1,15-Jul-12,primiparous,09JUL12:00:00:00,689.75,185.9166667,1.233958333,0.766041667,0.916666667,28.58333333,33.28333333,0,0,2,9-Jul-12,-6
1494,H,1,15-Jul-12,primiparous,10JUL12:00:00:00,688.4166667,189.3333333,1.371342593,0.628657407,0.583333333,22.33333333,25.375,0,0,2,10-Jul-12,-5
1494,H,1,15-Jul-12,primiparous,11JUL12:00:00:00,878.3333333,243,1.45974537,0.54025463,0.5,21.08333333,30.65,0,0,2,11-Jul-12,-4
1494,H,1,15-Jul-12,primiparous,12JUL12:00:00:00,603.3333333,169.3333333,1.16349537,0.83650463,0.75,26.75,26.09166667,0,0,2,12-Jul-12,-3
1494,H,1,15-Jul-12,primiparous,13JUL12:00:00:00,608.3333333,173.25,1.474675926,0.525324074,0.583333333,26.25,29.91666667,0,0,2,13-Jul-12,-2
1494,H,1,15-Jul-12,primiparous,14JUL12:00:00:00,816.5,233.6666667,1.533935185,0.466064815,0.5,32.75,31.43333333,0,0,2,14-Jul-12,-1
1494,H,1,15-Jul-12,primiparous,15JUL12:00:00:00,2217,619.6,1.335388889,0.664611111,1.2,28.2,58.48,0,1,2,15-Jul-12,0
1495,H,1,31-May-12,primiparous,17MAY12:00:00:00,1075.083333,273.0833333,1.041111111,0.958888889,0.833333333,22.58333333,24.29166667,0,0,3,17-May-12,-14
1495,H,1,31-May-12,primiparous,18MAY12:00:00:00,1245.833333,341.9166667,1.11099537,0.88900463,0.916666667,32.16666667,35.19166667,0,0,3,18-May-12,-13
1495,H,1,31-May-12,primiparous,19MAY12:00:00:00,1465.25,399,1.227430556,0.772569444,0.666666667,27.75,36.15,0,0,3,19-May-12,-12
1495,H,1,31-May-12,primiparous,20MAY12:00:00:00,1214.833333,326.0833333,1.097407407,0.902592593,0.916666667,26.58333333,37.325,0,0,3,20-May-12,-11
1495,H,1,31-May-12,primiparous,21MAY12:00:00:00,1223.416667,286.9166667,1.166574074,0.833425926,0.5,8.166666667,5.35,0,0,3,21-May-12,-10
1495,H,1,31-May-12,primiparous,22MAY12:00:00:00,777.8333333,178.5833333,1.098958333,0.901041667,1.166666667,5.333333333,5.433333333,0,0,3,22-May-12,-9
1495,H,1,31-May-12,primiparous,23MAY12:00:00:00,1452.75,352.8333333,0.977175926,1.022824074,1.083333333,36.25,41.55,0,0,3,23-May-12,-8
1495,H,1,31-May-12,primiparous,24MAY12:00:00:00,2004.416667,505.1666667,1.069513889,0.930486111,0.833333333,17.5,50.29166667,0,0,3,24-May-12,-7
1495,H,1,31-May-12,primiparous,25MAY12:00:00:00,2854.583333,716.0833333,1.272384259,0.727615741,1,20.08333333,64.53333333,0,0,3,25-May-12,-6
1495,H,1,31-May-12,primiparous,26MAY12:00:00:00,2748.416667,695.5833333,1.250856482,0.749143519,1.083333333,21.58333333,69.775,0,0,3,26-May-12,-5
1495,H,1,31-May-12,primiparous,27MAY12:00:00:00,3077.25,766.75,1.299375,0.700625,0.833333333,23.41666667,76.89166667,0,0,3,27-May-12,-4
1495,H,1,31-May-12,primiparous,28MAY12:00:00:00,2795.333333,734.6666667,1.385717593,0.614282407,0.75,20.16666667,78.91666667,0,0,3,28-May-12,-3
1495,H,1,31-May-12,primiparous,29MAY12:00:00:00,2117.416667,591.8333333,1.381412037,0.618587963,0.916666667,29.66666667,66.48333333,0,0,3,29-May-12,-2
1495,H,1,31-May-12,primiparous,30MAY12:00:00:00,2062.833333,551.8333333,1.364884259,0.635115741,1.5,27.75,61.55,0,0,3,30-May-12,-1
1495,H,1,31-May-12,primiparous,31MAY12:00:00:00,1856.625,478.5,1.014201389,0.985798611,4.125,17.875,49.825,0,1,3,31-May-12,0
,,,,,,,,,,,,,,,,,
,,,,,,,,,,,,,,,,,
,,,,,,,,,,,,,,,,,
,,,,,,,,,,,,,,,,,
,,,,,,,,,,,,,,,,,
,,,,,,,,,,,,,,,,,
,,,,,,,,,,,,,,,,,
,,,,,,,,,,,,,,,,,
,,,,,,,,,,,,,,,,,
,,,,,,,,,,,,,,,,,
,,,,,,,,,,,,,,,,,
,,,,,,,,,,,,,,,,,
,,,,,,,,,,,,,,,,,
,,,,,,,,,,,,,,,,,
,,,,,,,,,,,,,,,,,
,,,,,,,,,,,,,,,,,
,,,,,,,,,,,,,,,,,
,,,,,,,,,,,,,,,,,
,,,,,,,,,,,,,,,,,
,,,,,,,,,,,,,,,,,
,,,,,,,,,,,,,,,,,
,,,,,,,,,,,,,,,,,
,,,,,,,,,,,,,,,,,
,,,,,,,,,,,,,,,,,
,,,,,,,,,,,,,,,,,
,,,,,,,,,,,,,,,,,
,,,,,,,,,,,,,,,,,
,,,,,,,,,,,,,,,,,
,,,,,,,,,,,,,,,,,
,,,,,,,,,,,,,,,,,
,,,,,,,,,,,,,,,,,
,,,,,,,,,,,,,,,,,
,,,,,,,,,,,,,,,,,
,,,,,,,,,,,,,,,,,
,,,,,,,,,,,,,,,,,
,,,,,,,,,,,,,,,,,
,,,,,,,,,,,,,,,,,
,,,,,,,,,,,,,,,,,
,,,,,,,,,,,,,,,,,
,,,,,,,,,,,,,,,,,
,,,,,,,,,,,,,,,,,
,,,,,,,,,,,,,,,,,
,,,,,,,,,,,,,,,,,
,,,,,,,,,,,,,,,,,
,,,,,,,,,,,,,,,,,
,,,,,,,,,,,,,,,,,
,,,,,,,,,,,,,,,,,
,,,,,,,,,,,,,,,,,
,,,,,,,,,,,,,,,,,
,,,,,,,,,,,,,,,,,
,,,,,,,,,,,,,,,,,
,,,,,,,,,,,,,,,,,
,,,,,,,,,,,,,,,,,
,,,,,,,,,,,,,,,,,
,,,,,,,,,,,,,,,,,
,,,,,,,,,,,,,,,,,
,,,,,,,,,,,,,,,,,
,,,,,,,,,,,,,,,,,
,,,,,,,,,,,,,,,,,
,,,,,,,,,,,,,,,,,
,,,,,,,,,,,,,,,,,
,,,,,,,,,,,,,,,,,
,,,,,,,,,,,,,,,,,
,,,,,,,,,,,,,,,,,
,,,,,,,,,,,,,,,,,
,,,,,,,,,,,,,,,,,
,,,,,,,,,,,,,,,,,
,,,,,,,,,,,,,,,,,
,,,,,,,,,,,,,,,,,
,,,,,,,,,,,,,,,,,
,,,,,,,,,,,,,,,,,
,,,,,,,,,,,,,,,,,
,,,,,,,,,,,,,,,,,
,,,,,,,,,,,,,,,,,
,,,,,,,,,,,,,,,,,
,,,,,,,,,,,,,,,,,
,,,,,,,,,,,,,,,,,
,,,,,,,,,,,,,,,,,
,,,,,,,,,,,,,,,,,
,,,,,,,,,,,,,,,,,
,,,,,,,,,,,,,,,,,
,,,,,,,,,,,,,,,,,
,,,,,,,,,,,,,,,,,
,,,,,,,,,,,,,,,,,
,,,,,,,,,,,,,,,,,
,,,,,,,,,,,,,,,,,
,,,,,,,,,,,,,,,,,
,,,,,,,,,,,,,,,,,
,,,,,,,,,,,,,,,,,
,,,,,,,,,,,,,,,,,
,,,,,,,,,,,,,,,,,
,,,,,,,,,,,,,,,,,
,,,,,,,,,,,,,,,,,
,,,,,,,,,,,,,,,,,
,,,,,,,,,,,,,,,,,
,,,,,,,,,,,,,,,,,
,,,,,,,,,,,,,,,,,
,,,,,,,,,,,,,,,,,
,,,,,,,,,,,,,,,,,
,,,,,,,,,,,,,,,,,
,,,,,,,,,,,,,,,,,
,,,,,,,,,,,,,,,,,
,,,,,,,,,,,,,,,,,
,,,,,,,,,,,,,,,,,
,,,,,,,,,,,,,,,,,
,,,,,,,,,,,,,,,,,
,,,,,,,,,,,,,,,,,
,,,,,,,,,,,,,,,,,
,,,,,,,,,,,,,,,,,
,,,,,,,,,,,,,,,,,
,,,,,,,,,,,,,,,,,
,,,,,,,,,,,,,,,,,
,,,,,,,,,,,,,,,,,
,,,,,,,,,,,,,,,,,
,,,,,,,,,,,,,,,,,
,,,,,,,,,,,,,,,,,
,,,,,,,,,,,,,,,,,
,,,,,,,,,,,,,,,,,
,,,,,,,,,,,,,,,,,
,,,,,,,,,,,,,,,,,
,,,,,,,,,,,,,,,,,
,,,,,,,,,,,,,,,,,
,,,,,,,,,,,,,,,,,
,,,,,,,,,,,,,,,,,
,,,,,,,,,,,,,,,,,
,,,,,,,,,,,,,,,,,
,,,,,,,,,,,,,,,,,
,,,,,,,,,,,,,,,,,
,,,,,,,,,,,,,,,,,
,,,,,,,,,,,,,,,,,
,,,,,,,,,,,,,,,,,
,,,,,,,,,,,,,,,,,
,,,,,,,,,,,,,,,,,
,,,,,,,,,,,,,,,,,
,,,,,,,,,,,,,,,,,
,,,,,,,,,,,,,,,,,
,,,,,,,,,,,,,,,,,
,,,,,,,,,,,,,,,,,
,,,,,,,,,,,,,,,,,
,,,,,,,,,,,,,,,,,
,,,,,,,,,,,,,,,,,
,,,,,,,,,,,,,,,,,
,,,,,,,,,,,,,,,,,
,,,,,,,,,,,,,,,,,
,,,,,,,,,,,,,,,,,
,,,,,,,,,,,,,,,,,
,,,,,,,,,,,,,,,,,
